,pred,text,actual
0,KD SINGH,https t co pkf4mzpByj,Sharad Pawar
1,Sharad Pawar,Giving away one of 37 Laadli Media Awards for gender sensitive reporting and advertising With the winners afterwar https t co 2cjXzDPdr0,Shashi Tharoor
2,Barack Obama,RT It s a beautiful day on the South Side https t co PtoaFbww0s,Barack Obama
3,Sharad Pawar,than succumb to the hate and vitriol being spread by a section of society 3 3,Sharad Pawar
4,KD SINGH,https t co SJz49fQjXD,Sharad Pawar
5,Arvind Kejriwal,RT I want to challenge the BJP give us the EVMs which will be used in Gujarat polls for 3 hrs you won t win a single booth,Manish Sisodia
6,Arun Jaitley,Chairing the 14th meeting of GST Council in Srinagar May 18 2017 https t co negK35FacT,Arun Jaitley
7,Sushma Swaraj,RT Maybe this is why we read and why in moments of darkness we return to books to find words for what we already know Alberto M,Shashi Tharoor
8,KD SINGH,https t co ZcQjQojV6f,Narendra Modi
9,KD SINGH,Absolutely agree https t co K3pIrbT9Ne,Narendra Modi
10,digvijaya singh,RT My two cents on the unnecessary controversy about Imam Barkati He is not associated with TMC Didi never uses lal batti Why,Derek O'Brien
11,Akhilesh Yadav,Take what matters with you https t co E0hXWSu1q3 https t co KJJdkE8DML,Barack Obama
12,Donald J. Trump,She needs to be lauded for what she has said and for all of us to stand by her and all other peace loving Indians 2 3,Sharad Pawar
13,Omar Abdullah,RT Sh Chauhan s family is aware of the case They can file an appeal in higher court 2 n,Sushma Swaraj
14,KD SINGH,2 2 NobelPrize2014,KD SINGH
15,Donald J. Trump,India remains committed to strengthening our special relationship with Iran,Narendra Modi
16,Barack Obama,LIVE President Obama is speaking at the 71st Session of the United Nations General Assembly https t co J8cm9QquER UNGA,Barack Obama
17,Donald J. Trump,Trump Russia story was an excuse used by the Democrats as justification for losing the election Perhaps Trump just ran a great campaign,Donald J. Trump
18,Arun Jaitley,RT Hon ble Minister of Finance Sri Arun Jaitley arrives in Nepal Cd A Sri Vinay Kumar receives at Tribhuvan International A,Arun Jaitley
19,Akhilesh Yadav,Launch of South Asia Satellite is a first of its kind project with several benefits for our region History was created with today s launch,Narendra Modi
20,KD SINGH,2 2 2 http t co H9zC4tRsXg,KD SINGH
21,Manish Sisodia,RT World class training for Delhi govt school Principals at Delhi govt at work https t co Q2Lwwf7Ysz,Arvind Kejriwal
22,KD SINGH,GST l l,Arun Jaitley
23,KD SINGH,1 2 23 40 Nepal,KD SINGH
24,Narendra Modi,Congratulations to every trader producer amp consumer of goods amp services in the country on the passage of historic GST Laws,Arun Jaitley
25,Hillary Clinton,RT INC Police torture must stop It s time for every thinking Indian to stand up and raise our voices against t,Shashi Tharoor
26,Sharad Pawar,Pune meet with the family of martyred shahid Saurabh Farate https t co N36fgO2PfW,Sharad Pawar
27,Derek O'Brien,Football jersey number 110 for Arun Jaitley please My latest Facebook post also on Feedback welcome gt gt https t co FlAqhr0iNK,Derek O'Brien
28,Barack Obama,The reason for the plan negotiated between the Republicans and Democrats is that we need 60 votes in the Senate which are not there We,Donald J. Trump
29,KD SINGH,http t co sX3n9a9fql,KD SINGH
30,KD SINGH,London,Sushma Swaraj
31,Arun Jaitley,Friday morning reading extracts from recently released National Health Policy 2017 Numbers amp reality say full on HealthReformsInBengal,Derek O'Brien
32,KD SINGH,https t co 07YSLJY4Wn,digvijaya singh
33,Hillary Clinton,Grief when it comes is nothing like what we expect it to be Joan Didion,Derek O'Brien
34,Akhilesh Yadav,LARGEST SINGLE PARTY Vs A COMBINATION WITH MAJORITY SUPPORT https t co thsVZTuGGq,Arun Jaitley
35,Hillary Clinton,We don t have to accept a dark and divisive vision for America Tomorrow you can vote for a hopeful inclusive b https t co AequOcpVzQ,Hillary Clinton
36,Sushma Swaraj,RT Thanks Mam I get call from Indian embassy Thanks for supporting us here,Sushma Swaraj
37,Manish Sisodia,RT,digvijaya singh
38,Salman Anees Soz,RT Not the first time that have used THE word Found it again while going through his work India cc,Shashi Tharoor
39,Omar Abdullah,has taken up this matter with Frankfurt Airport authorities The matter has been referred to the Polic https t co 5BEJ6BbdLB,Sushma Swaraj
40,Akhilesh Yadav,Muslim man lynched in UP s Bulandshahr allegedly by UP CM s Hindu Yuva Vahini members savages https t co ryBw29KU7P,Salman Anees Soz
41,Donald J. Trump,I have been asking Director Comey amp others from the beginning of my administration to find the LEAKERS in the intelligence community,Donald J. Trump
42,Barack Obama,This is no accident we re making a comeback because together we ve fought hard to support American families https t co LTk7SiTexP,Barack Obama
43,KD SINGH,https t co 4vKCTYO4Sz,Sharad Pawar
44,KD SINGH,BuyAmericanHireAmerican https t co JPEXQTVR1E,Donald J. Trump
45,Akhilesh Yadav,At Mannkameshwar Upvan https t co YVe3f3VCWx,Akhilesh Yadav
46,Barack Obama,President Obama lays out just a few of the ways in which Obamacare has helped millions of Americans https t co qeqHRLz0ID,Barack Obama
47,Arvind Kejriwal,Great job bringing this to light Very interesting data Instead of a Modi wave Delhi MCD was a case of a Kejriwal https t co 30pdaFIr9M,Salman Anees Soz
48,KD SINGH,kynjing Chill,Derek O'Brien
49,Akhilesh Yadav,These are more than statistics they re American lives at risk because this administration willfully ignores the sc https t co mTujrQOz65,Hillary Clinton
50,Sushma Swaraj,RT Algerian co assured d Embassy that remaining 4 Indian nationals to be repatriated next week Embassy in regular contact,Sushma Swaraj
51,Manish Sisodia,RT Warm welcome in Boston this morning https t co mEswRa0VBE,Hillary Clinton
52,Manish Sisodia,RT Inauguration of an English TV news channel happened by taking a supari against me https t c,digvijaya singh
53,KD SINGH,100 This one is about UP elections not electricity,Salman Anees Soz
54,Arvind Kejriwal,RT chadha Jethmalani gearing up to cross examine Jaitley at 2pm on 15th and 17th May 2017 at Delhi HC Action begins https t co,Arvind Kejriwal
55,Barack Obama,Climate change s effects are devastating Denying the science behind it does nothing to help https t co Rww40wwgD9 ActOnClimate,Barack Obama
56,KD SINGH,nan,digvijaya singh
57,Sharad Pawar,Inaugurating meeting of 88 booth presidents in ChenkalPanchayat Gearing up the organisation w LokSabha e https t co fH7wMPBjvL,Shashi Tharoor
58,KD SINGH,Good Evening to all,KD SINGH
59,Manish Sisodia,RT Aided by crony channels BJP should stop peddling lies Indian Govt refused to participate before Int Arbitration Council,digvijaya singh
60,Sushma Swaraj,RT sood Ma am Mr Udit Sood has been contacted by the Indian Consulate Consul General himself spoke t,Sushma Swaraj
61,KD SINGH,4 4 AsianGames2014 Asiad2014,KD SINGH
62,Shashi Tharoor,The Hindutva extremists engineered by the fascist RSS and enabled by PM Modi will destroy India s reputation aroun https t co vtKP8WVSF6,Salman Anees Soz
63,Sushma Swaraj,RT Our PM not responsible for anything Farmer s distress failure of demonetisation unemployment all created,Arvind Kejriwal
64,Hillary Clinton,RT en BREAKING Emmanuel Macron elected president of France with 65 1 of the vote https t co 4Vod8NNBm4,Arvind Kejriwal
65,Hillary Clinton,It s going to be close and we need you on this team Confirm where to vote today https t co jfd3CXLD1s,Hillary Clinton
66,Manish Sisodia,RT 3Fa,digvijaya singh
67,Sushma Swaraj,Yes we will help you Plz tell me what help do you want https t co ObOJ0etfwH,Sushma Swaraj
68,Hillary Clinton,RT By conferring a doctorate on Erdogan Jamia is celebrating a regime that attacks academic freedom https t co cDVG41q,Salman Anees Soz
69,Arun Jaitley,RT india Hon ble FM Shri along with Minister Liam Fox and the Indian business delegation opening https t co,Arun Jaitley
70,KD SINGH,nan,Narendra Modi
71,Shashi Tharoor,An aam aadmi s favourite article of the season on why Pakistan exports more mangoes than India https t co bVvCeidwbJ,Shashi Tharoor
72,Omar Abdullah,We are a united family of South Asian countries united in our pursuit of peace progress amp prosperity of our region amp the entire humankind,Narendra Modi
73,Arun Jaitley,RT Raksha Mantri held talks with Japan Defense Minister H E Tomomi Inada at Japan Ministry of Defense today St,Arun Jaitley
74,Arun Jaitley,Shocked at sudden demise of union environment minister Anil Dave ji May his soul rest in peace Heartfelt condolences to bereaved family,Arvind Kejriwal
75,Hillary Clinton,Yes that s why amp her brother didn t allow protestors to alter the schedule of the Anantnag by poll https t co SxQy0goRd3,Omar Abdullah
76,Arun Jaitley,RT Watch FM Shri s reply during discussion on Union Budget General 2017 18 https t co JuFYXdLrpv,Arun Jaitley
77,Akhilesh Yadav,Today s programs at the Party Office https t co KjSOHGE25v,Akhilesh Yadav
78,Sharad Pawar,Happy Mother s Day to you amp all mothers https t co nHBpEv49J9,Shashi Tharoor
79,Omar Abdullah,Army gives clean chit to its officer in the human shield case It sets a terrible precedent Sense of injustice in Kashmir will deepen,Salman Anees Soz
80,Hillary Clinton,Watch Hillary deliver remarks on the election from New York City https t co MTRLzjN42x,Hillary Clinton
81,Manish Sisodia,RT A group of 44 Delhi govt school principals have gone to IIM Ahmedabad for a 10 day school leadership program,Manish Sisodia
82,KD SINGH,https t co 2yBYw4LYji,Sharad Pawar
83,Omar Abdullah,Now what will some of those cheerleaders who were once journos say https t co LLBPv9z3MM,Derek O'Brien
84,digvijaya singh,RT Govt launches Operation Clean Money Sounds more like Clean out your Money,digvijaya singh
85,Omar Abdullah,Thank you jenab Please ensure the safety of Kashmiris inc students in Kashmir as well The state government has https t co jLc7y45OA2,Omar Abdullah
86,Omar Abdullah,RT Chicago approves new plan to hide illegal immigrants from the feds plus give them access to city services https t co,Donald J. Trump
87,Barack Obama,Today s meetings The membership drive is on full speed Grateful to the party workers for their hard work to make https t co 4A1VccWUxo,Akhilesh Yadav
88,Donald J. Trump,Congratulations to JohnDaly on his big win yesterday John is a great guy who never gave up and now a winner again,Donald J. Trump
89,Manish Sisodia,RT 3 years of broken promises non performance amp betrayal of a mandate,digvijaya singh
90,KD SINGH,https t co 6pYGW2sdVa,Akhilesh Yadav
91,Donald J. Trump,Oh lord She is a doctor herself Lives and works in NYC Ok,Derek O'Brien
92,Omar Abdullah,Posters threaten Kashmiris in UP BJP Ministers threaten Kashmiris with bullets BJP poaches MLAs to win MLC seat amp clings on,Omar Abdullah
93,Hillary Clinton,I want to thank Tim Kaine and Anne Holton for being our partners on this journey Hillary,Hillary Clinton
94,Arvind Kejriwal,Birthday wishes to Haryana CM May he lead a long life full of good health,Narendra Modi
95,Manish Sisodia,RT Also retired military and diplomatic personnel from India Pakistan besides musicians writers politicians journalists,Salman Anees Soz
96,Manish Sisodia,RT Delhi water crisis Haryana not releasing Del s share I just spoke to LG n requested him to seek PMO s intervention,Arvind Kejriwal
97,Omar Abdullah,I pay homage to Swami Ramanand Tirth who led struggle against the Nizam amp Razakars amp freed the State from the shackles of Asafzahi 2 2,Sharad Pawar
98,Salman Anees Soz,This is akin to Pakistani channels talking to Deve Gowda to discuss developments in India Irrelevant no matter how https t co EQebyuYPQu,Omar Abdullah
99,KD SINGH,1 3,KD SINGH
100,Narendra Modi,RT Launch of the South Asia satellite historic moment for the world it ushers in a new era of regional cooperation Bhutan PM,Narendra Modi
101,Barack Obama,RT Interview We need to reconnect with the people https t co jZQlJC65NL,Manish Sisodia
102,Shashi Tharoor,RT INC Our view of nationalism is inclusive and accomodative taking the entire nation along with us,Shashi Tharoor
103,Arvind Kejriwal,RT I m told BJP national leadership is in a complete tizzy right now after AAP s EVM demo Pics of demo are playing on ever,Arvind Kejriwal
104,Barack Obama,Help keep the pressure on Senate leaders to give Judge Garland a fair hearing before their next recess https t co lkLz4yidaw DoYourJob,Barack Obama
105,Akhilesh Yadav,Today s meetings https t co lcr6AXmehj,Akhilesh Yadav
106,Barack Obama,Communities are already experiencing the effects of climate change we can t afford not to act Take a look https t co sEjVzKqhsw,Barack Obama
107,Donald J. Trump,The Russia Trump collusion story is a total hoax when will this taxpayer funded charade end,Donald J. Trump
108,Donald J. Trump,We are making tremendous progress with the V A There has never been so much done so quickly and we have just started We love our VETS,Donald J. Trump
109,Omar Abdullah,RT Institutional Delivery in health centres n hospitals has increased frm 65 to 90 in the past 6 years Thanks to Didi H,Derek O'Brien
110,Manish Sisodia,RT DGNewsClips https t co vadO3,Manish Sisodia
111,Arvind Kejriwal,RT Just read the painfully constructed EC statement it sermons a lot but is sadly silent on the Hackathon challenge amp ea,Arvind Kejriwal
112,Hillary Clinton,With threats amp hate crimes on rise we shouldn t have to tell to do his part He must step up amp speak out https t co QKKyXyuqNM,Hillary Clinton
113,Manish Sisodia,RT 16000 https,Manish Sisodia
114,KD SINGH,nan,Sushma Swaraj
115,Hillary Clinton,Tomorrow we have the chance to stand up for the America we believe in RT this if you re voting https t co 7T7UqlIvGt,Hillary Clinton
116,Arvind Kejriwal,RT Election Commission is in fix now Either way today s demo by Saurabh Bhardwaj has raised more questions on EVMTampering,Arvind Kejriwal
117,Akhilesh Yadav,Delivered a lecture at the South Indian Seminar Minority Department NCP Kochi 1 4 https t co 3wXYOHm3go,Sharad Pawar
118,Hillary Clinton,Help rangers protect the elephants Go to https t co pqxZttyOGh EarthDay Tribeca2017,Hillary Clinton
119,KD SINGH,Good Evening 2 all,KD SINGH
120,Donald J. Trump,Will be interviewed by on at 9 00 P M Saturday night Enjoy,Donald J. Trump
121,Donald J. Trump,RT i k h i l l Wow India is great,Sushma Swaraj
122,KD SINGH,http t co gmBJFYYmZB,KD SINGH
123,Donald J. Trump,There is no justification regardless of their motives for the burning of schools amp the denial of education to our younger generation,Omar Abdullah
124,Donald J. Trump,Congratulations to Emmanuel Macron on his big win today as the next President of France I look very much forward to working with him,Donald J. Trump
125,Sharad Pawar,On International Women s Day and I are inspired by all of you who embrace your power to drive chang https t co Er9mIQlmgr,Barack Obama
126,Omar Abdullah,Addressed seminar on role of civil society in disaster management organised by amp SEEDS Good to se https t co B8GbQ9Ofrw,Shashi Tharoor
127,Sharad Pawar,Birthday wishes to ji a valued colleague who has devoted his life in service of the poor amp marginalised I pray for his long life,Narendra Modi
128,Manish Sisodia,RT Jalpaiguri WB O ve blood urgent for Pregnant Lady at Zilla Hospital Pls Call 7384400803 Mar 13,Derek O'Brien
129,Derek O'Brien,Where have you applied https t co Xrr8XuQ8m3,Sushma Swaraj
130,Hillary Clinton,You would be happy to know that capacity addition in solar energy in FY17 stands at the highest ever at 81,Narendra Modi
131,Arvind Kejriwal,UP EVMs AAP 1,Manish Sisodia
132,Arun Jaitley,RT During that period someone named was Education Minister of Assam https t co EsNhjMzPlw,Salman Anees Soz
133,Sushma Swaraj,SouthAsiaSatellite will enhance digital cooperation help in developing joint strategy for countering disasters in the South Asia region,Arun Jaitley
134,digvijaya singh,RT Watch LIVE Special AICC Press Briefing 3FailedYears https t co xgNeqachz8 amp https t co KpLdaK4GOy,digvijaya singh
135,Arvind Kejriwal,RT If reports of EC developing cold feet on hackathon are true then this will raise serious questions on the outcome of rece,Arvind Kejriwal
136,Sharad Pawar,Lord Ganesha God of Wisdom amp Intellect may bring health happiness and ward off evils and odds from lives of all https t co 9qT7gFRCo4,Sharad Pawar
137,KD SINGH,https t co XJVF6SgF8W,Manish Sisodia
138,Derek O'Brien,Tomorrow the choice you face when you step into that voting booth could not be more clear and could not be more serious,Hillary Clinton
139,Hillary Clinton,Stronger together https t co 9TkaJrjW0a,Hillary Clinton
140,Arvind Kejriwal,RT Behind s Delhi assembly EVM show Two months of preparation 25 dummy runs https t co NRboeI4KsD,Arvind Kejriwal
141,Sushma Swaraj,Indians abroad All such calls are fake Plz report such cases to Indian mission They will follow up with the Pol https t co TLNj2ZMlep,Sushma Swaraj
142,digvijaya singh,RT 3 12 ISI 3FailedYears,digvijaya singh
143,KD SINGH,2 4 Marykom,KD SINGH
144,Shashi Tharoor,RT Chelsea Clinton on I am fiercely ridiculously proud to be her daughter https t co 72UKFDqNWE,Hillary Clinton
145,Sushma Swaraj,I will ask Indian Embassy in Netherlands to extend all help Plz do not worry https t co uaYW8X41LQ,Sushma Swaraj
146,Narendra Modi,RT Congratulations Venkaiah Ji I am sure you will give your best amp contribute towards creating futuristic cities https t,Sushma Swaraj
147,Narendra Modi,RT Space technology will touch the lives of our people in the region PM,Narendra Modi
148,Hillary Clinton,This is not the outcome we wanted I m sorry we did not win this election for the values we share and the vision we hold for our country,Hillary Clinton
149,Sharad Pawar,Thanks singh Appreciate your decency Wish there was more of it in the media https t co CTMbZNcTsK,Shashi Tharoor
150,Donald J. Trump,RT Our series on GujaratAfterModi continues Industry is on auto pilot but job creation isn t great via https t,Salman Anees Soz
151,Arvind Kejriwal,RT Rigged EVMs hurt democracy Sisodia Says AAP Would Attend EC Hackathon And Completely Hack All Machines https t co E12SXp,Arvind Kejriwal
152,Manish Sisodia,RT The women in blue make us proud yet again Jhulan Goswami is now the leading wicket taker in Women s ODIs with 181 wickets,Shashi Tharoor
153,Manish Sisodia,RT https,Manish Sisodia
154,KD SINGH,https t co ye5bIosDSv,Sharad Pawar
155,Sharad Pawar,Thanks for your wishes Through a reform to transform approach we are committed to building a new India https t co vgb4nyb5hi,Narendra Modi
156,Arun Jaitley,RT Statement from the Congress President Smt Sonia Gandhi on the passing away of Union Minister Shri Anil Madhav Dave https,digvijaya singh
157,Shashi Tharoor,This kind of daylight robbery deserves far greater attention KGBasinScam https t co fErjaNPV7X,Salman Anees Soz
158,Donald J. Trump,Our farmers are the Annadatas When our farmers prosper India will prosper https t co HCgTy5Jg5v,Narendra Modi
159,Hillary Clinton,RT Trump Voter Feels Betrayed By President After Reading 800 Pages Of Queer Feminist Theory https t co TZX9uaANRc,Salman Anees Soz
160,Donald J. Trump,Released Narmada Pravah the Mission Work Plan for the river Narmada This is a futuristic document which will interest policy makers,Narendra Modi
161,Shashi Tharoor,India was sold a biceps triceps foreign policy model Three years down the government desperately needs a protein https t co BX3bMTle4Q,Salman Anees Soz
162,Barack Obama,RT rob Like Obamacare Delhi s UHC reforms are being attacked from the right https t co zyZoHx7oSz,Arvind Kejriwal
163,Derek O'Brien,pallavighosh Thanks much,Derek O'Brien
164,Shashi Tharoor,RT RealIndia https t co lj3PnXgrUo,Shashi Tharoor
165,Manish Sisodia,RT In a first of its kind initiative schoolchildren from over 2 000 schools across Delhi will get an opportunity to learn lega,Manish Sisodia
166,Derek O'Brien,RT FakeVideoByBJP is not new Sanghis trying to ignite a communal riots since long by thr FalsePropaga,Derek O'Brien
167,KD SINGH,https t co MHGfTxALih,Narendra Modi
168,Shashi Tharoor,Rupani ji I have often criticized what happened 30 years back But we have to find solutions for the present amp the future,Salman Anees Soz
169,Manish Sisodia,RT Not just supporters but all particularly those who trusted ModiSarkar must watch share and RT this Facts,Salman Anees Soz
170,KD SINGH,China earthquake 1 324,KD SINGH
171,KD SINGH,http t co m74Jjq2r6i,KD SINGH
172,Donald J. Trump,Tomorrow in Madhya Pradesh I will be launching the NarmadaSevaMission which will surely have a major impact on MP s ecology,Narendra Modi
173,KD SINGH,2 2 ISRO,KD SINGH
174,Manish Sisodia,RT After cleaning out the black money only clean money left Now with Operation Clean Money v will b left with no money C l,digvijaya singh
175,Sushma Swaraj,Indians in Stockholm Plz note the Emergency number 0768982764 Counsellor 0734262097 StockholmAttack,Sushma Swaraj
176,KD SINGH,3 6 India,KD SINGH
177,Manish Sisodia,RT 972 2670 https t co zGiv40WvlC,Manish Sisodia
178,Omar Abdullah,RT Those who lack the courage to have a conversation are the cowards conclaveofcourage https t co chTSvUYkPc,Salman Anees Soz
179,Hillary Clinton,Congrats to chair amp deputy Excited for strong unified party standing for best of our country into the future,Hillary Clinton
180,Arvind Kejriwal,RT 2 snr sources in EC tell me they were prepared to announce a full no holds barred hackathon today but it was vetoed at t,Arvind Kejriwal
181,Arvind Kejriwal,RT If EC says we won t let you fiddle with the hardware they are admitting EVMs can be tampered,Arvind Kejriwal
182,Arvind Kejriwal,RT I m probably going to get in trouble for revealing this but EVM demo in Delhi Assembly is just the tip of the iceberg,Arvind Kejriwal
183,Arun Jaitley,At the Business Standard awards Mumbai March 25 2017 https t co tr9Xe1lpTn,Arun Jaitley
184,Arun Jaitley,Congratulations to Yogi Adityanath KeshavPMaurya amp DineshSharma on being sworn in as the CM amp the Deputy CMs of Uttar Pradesh respectively,Arun Jaitley
185,digvijaya singh,RT Ind BJP leadership yet to appoint Lokpal Doubt they will have the political will to take this good initiative forward https,digvijaya singh
186,Arvind Kejriwal,RT EVM https,Arvind Kejriwal
187,KD SINGH,1 2 36,KD SINGH
188,Shashi Tharoor,Thanks to Pres Johnson amp the entire Wellesley community And congrats to Wellesley s first NCAA crew champions tha https t co 7a0KcB1Hm0,Hillary Clinton
189,Hillary Clinton,RT The right to vote is precious almost sacred It is the most powerful nonviolent tool or instrument we have in a democrat,Hillary Clinton
190,Salman Anees Soz,These people are part of the wider Sangh Parivar that rules India We would have filed an FIR against this chap in https t co MeEEqFWzzV,Omar Abdullah
191,KD SINGH,hudhud http t co 0UH9oAn586,KD SINGH
192,digvijaya singh,RT Ind Mr Modi what happened to your new found concern for Muslim women You couldn t even get your police to help a Muslim mother,digvijaya singh
193,Arun Jaitley,In 2017 in India s largest state So called cow vigilantes assault 6 Police defends inaction Police file case agai https t co 6WPBNdcKOw,Salman Anees Soz
194,Arvind Kejriwal,RT Sad day for our democracy Appears EC wants to cover up any EVM tampering that may have occurred in Punjab UP amp Uttarak,Arvind Kejriwal
195,Arun Jaitley,RT Israeli PM Netanyahu praises U S policy changes during meeting with Defense Sec Mattis https t co v2C9oaq3uY,Donald J. Trump
196,Manish Sisodia,RT https t co zh9P6JahQU,digvijaya singh
197,Manish Sisodia,RT At GST meeting I m going to advocate for lower the tax rates more the compliance formula Delhi govt is following this for,Arvind Kejriwal
198,Arvind Kejriwal,RT When LK Advani lost he raised questions about EVMs why was it correct then and isn t now MLA Naresh Yadav https t co,Manish Sisodia
199,Omar Abdullah,RT is one of the best hindi blogger https t co WR2W2e005o,Arvind Kejriwal
200,Shashi Tharoor,RT RealIndia https t co o24PN8AC34,Shashi Tharoor
201,Barack Obama,Every new day seems to bring news of horrific lynchings in India Is this the face of India that we want the world https t co CkjIt462oL,Salman Anees Soz
202,Manish Sisodia,RT Yesterday fraud did PC with Showd same 2 cheques of AXIS bank,Manish Sisodia
203,KD SINGH,http t co pod5aMdFQY,KD SINGH
204,Omar Abdullah,RT Governor s rule is the next best step for Kashmir The idea of the PDP BJP alliance has failed My column Kashmir https t co,Omar Abdullah
205,KD SINGH,150 44,KD SINGH
206,KD SINGH,Congratulation Mr Manavaditya Rathore for winning gold in junior men s trap at d 4th Asian Shotgun Championships http t co NVr895hxhj,KD SINGH
207,Derek O'Brien,Thanks to Isolde Fair amp her classmates for this inspiring song I m with YOU Watch https t co 3Gt7IbcAMn,Hillary Clinton
208,Omar Abdullah,Department of Justice gives lawyers an opportunity to provide legal aid amp help the poor Have a look amp register https t co gyWXEGoN3e,Narendra Modi
209,Derek O'Brien,RT A retort to s false claims at Kolkata Press Club about Bengal https t co br6ri3Nt4J,Derek O'Brien
210,Donald J. Trump,Pathetic2see the depths2which some will sink2attract TRPs I have nothing to hide from the police amp the courts but nothing to say2such people,Shashi Tharoor
211,Shashi Tharoor,RT RealIndia https t co MqlS1J2Rot,Shashi Tharoor
212,Donald J. Trump,Gurudev Tagore will always be remembered for his powerful thoughts amp contribution to the freedom movement Tributes to him on his Jayanti,Narendra Modi
213,Akhilesh Yadav,Sir u never provided the machines pl https t co fFYBxBDWl7,Arvind Kejriwal
214,KD SINGH,nan,Sushma Swaraj
215,Sharad Pawar,Greetings to former PM amp leader of farmers Shri HD Deve Gowda ji on his birthday May Almighty bless him with good health amp a long life,Narendra Modi
216,Manish Sisodia,RT REPORT 10 SCANDALS ON DIRECTOR S WATCH https t co dnGY08wTBP,Donald J. Trump
217,Sushma Swaraj,RT SOUTHASIA https t co n7C8md9qgm URGENT HELP NEEDED MT ROJEAN at Hamayrah Port Indian Seafarers cri,Sushma Swaraj
218,Manish Sisodia,RT india Excellent Thank you,Sushma Swaraj
219,KD SINGH,1 2 5,KD SINGH
220,Arun Jaitley,RT Finance Minister interview to Yuko Fukushima NHKWorld Indian economy reforms opportunities GST infrastructu,Arun Jaitley
221,Sharad Pawar,Manufacturing openings hires rise to highest levels of the recovery https t co txFZDYYIOe,Donald J. Trump
222,Akhilesh Yadav,Met with a delegation of Sants and Sadhus to discuss the upcoming mela at Prayag https t co ZaShB63fgS,Akhilesh Yadav
223,Akhilesh Yadav,My interview with BUSINESS TODAY A Desire to Make a Difference https t co eV6mUXkvAr,Shashi Tharoor
224,Derek O'Brien,Inspired by the ideals of Swami Pranavananda BSS has been a wonderful combination of Seva amp Shram It has positively impacted many lives,Narendra Modi
225,Hillary Clinton,If you re studying global health or just want to feed your inner wonk check out my wonderful daughter amp https t co 30VA9xJxNd,Hillary Clinton
226,KD SINGH,https t co vx1VX8d99x,Akhilesh Yadav
227,Arun Jaitley,Why should cricket bear the burden of India s strained relations with Pakistan i ask LokendraPSahi of https t co o1RpepWmAC,Shashi Tharoor
228,Omar Abdullah,Who is the PDP trying to fool here Itself or the people Amit Shah Ram Madhav amp the AG in the Supreme Court no l https t co oZ3ZJxLEoI,Omar Abdullah
229,Omar Abdullah,The aggressive domination amp readiness of troops for befitting response to any misadventure by enemy is very satisfying,Arun Jaitley
230,Derek O'Brien,Rise amp Shine Sunday listening Adele cover of a Bob Dylan love song Enjoy https t co yYJJhAJQxg,Derek O'Brien
231,KD SINGH,1 2 55 GangRape,KD SINGH
232,Donald J. Trump,On the sidelines of Group Annual Meetings I shall meet some of the distinguished delegates who will be taking part in AfDBAM2017,Narendra Modi
233,Donald J. Trump,RT Dec 2016 Sherawat got media limelight by showing fake 35Cr cheque May 2017 again got limelight showing s,Manish Sisodia
234,Sushma Swaraj,RT Ahuja URGENT HELP NEEDED FOR MY SISTER IN DALLAS TX Cheated and stranded alone by her husband Undergo,Sushma Swaraj
235,Sushma Swaraj,RT As per data 35 farmers kill themselves everyday Any more speeches to give while the poor die Mr PM 3yearsFarmersInTears T,digvijaya singh
236,Arvind Kejriwal,RT Amid of controversies Kejriwal govt set to issue tender of 100Cr for 12 000 CCTV cameras next week to be installed in 3 80,Manish Sisodia
237,Sharad Pawar,Melania and I were honored to welcome Argentina President and First Lady Juliana Awada to t https t co gR3EPznu1H,Donald J. Trump
238,Arvind Kejriwal,RT Can t expect anything better from anyone closely related to the RSS Not shocking anymore https t co OCvhCHdSAk,digvijaya singh
239,Arvind Kejriwal,RT Thank for exposing how democracy was murdered Like mature democracies paper ballot is the only way to,Arvind Kejriwal
240,Barack Obama,The American Bar Association gave Judge Garland its highest rating Senate leaders DoYourJob and fill the SCOTUS https t co iTVTqGIUvV,Barack Obama
241,Arvind Kejriwal,RT Edu This interaction at summer camp by IIITD students 4 Delhi Gov School Kids makes me optimistic for India s future 2 3 http,Manish Sisodia
242,Manish Sisodia,RT Keep yourself free tomorrow 2pm onwards Tune in to Delhi assembly live telecast on Website and FB It ll be interesting to,Arvind Kejriwal
243,Salman Anees Soz,RT Are Kapil Mishra s allegations amp LG s hostility part of a BJP conspiracy https t co VLKlWRZDkh,Arvind Kejriwal
244,Arvind Kejriwal,RT pac Asli ko hack karoge to jail bhej denge nakli par bharosa nahi because it s a look alike says EC,Arvind Kejriwal
245,Derek O'Brien,Have been tweeting short excerpts from a recent dialogue in SriLanka w Here s the whole conversation https t co ubi46pFc2V,Shashi Tharoor
246,Barack Obama,Strongly welcome the ICJ stay on Kulbushan Jadhav s execution Entire country is united in ensuring his safe release https t co yjzlCTkcbQ,Arvind Kejriwal
247,Shashi Tharoor,Your ideas can also be shared on the MyGov forum or by recording your message by dialling 1800 11 7800 https t co WThDot9kVR,Narendra Modi
248,Donald J. Trump,A warning Our founding ideals are up for grabs Do read https t co ucSzvqLLkX,Salman Anees Soz
249,Hillary Clinton,It is a very fortunate coincidence that this year I received both Rajarshi Shahu Puraskar and LokmanyaTilak Sanman,Sharad Pawar
250,Derek O'Brien,Thanks a lot for your good wishes https t co o1OLgOjC0T,Narendra Modi
251,Narendra Modi,Appreciated the efforts of Sri Lanka to preserve some of the most important elements of Buddhist heritage https t co Xyvj5Ddgdb,Narendra Modi
252,digvijaya singh,Remembering visionary leader Bharatratna Rajiv Gandhi on his death anniversary https t co 8TRW9N6RFv,Sharad Pawar
253,Barack Obama,The positive impact of Obamacare is undeniable but there s one big factor holding many states back https t co 7XebIdRX34,Barack Obama
254,Barack Obama,Senate leaders are putting politics above their basic responsibility to hold a hearing for Judge Garland DoYourJob https t co N7vH2ncwmb,Barack Obama
255,Shashi Tharoor,Thanks also to Mr Chris Weng Country Head Alibaba India amp Kotak Crosswords for the social initiative Educatin https t co 2nrJfD49DH,Sharad Pawar
256,Arun Jaitley,I look forward to working closely with President elect to further strengthen India France ties,Narendra Modi
257,Shashi Tharoor,RT Absurd conviction of Jakarta governor should be wake up call for Indonesia to repeal blasphemy law https t co udwYP3x,Salman Anees Soz
258,Barack Obama,With all of the illegal acts that took place in the Clinton campaign amp Obama Administration there was never a special counsel appointed,Donald J. Trump
259,KD SINGH,nan,Akhilesh Yadav
260,KD SINGH,nan,Akhilesh Yadav
261,Derek O'Brien,RT Now there r 113 Fair Price Medicine Shops in Bengal that offer discount up to 72 HealthReformsInBengal,Derek O'Brien
262,Arun Jaitley,Today along with Mr Ratan Tata amp Tata Trust we have launched an electronic point of supply machine ePOS scheme a https t co 3PKiN5folz,Akhilesh Yadav
263,Hillary Clinton,Don t worry Kaif we all support you forget about those who troll you They deserve Royal Ignore,digvijaya singh
264,Manish Sisodia,RT https t co PpiNHJW0Ce,digvijaya singh
265,Manish Sisodia,RT balan Check out my recent interview with https t co AHEH8mfiHm,Akhilesh Yadav
266,Barack Obama,an appeal for our country to be more helpful to the physically challenged https t co Muc3nq6CTt,Shashi Tharoor
267,Derek O'Brien,RT Barkati not a member His speeches r of his own personal opinion How is responsible 4 hi,Derek O'Brien
268,Donald J. Trump,All the best to on its 2 year anniversary JKRturns2,Salman Anees Soz
269,Hillary Clinton,RT Watch as speaks on the progress made to ensure every student has the opportunity to realize their potential https t c,Barack Obama
270,Akhilesh Yadav,Londoners who missed 1st round of my IngloriousEmpire book tour can catch me at 21May amp at Waterstone s 22nd https t co bXg3SayHDs,Shashi Tharoor
271,Arvind Kejriwal,RT EC CEO release,Manish Sisodia
272,Barack Obama,LIVE President Obama is speaking at the 2016 Our Ocean Conference https t co ALK46jhUpw OurOcean,Barack Obama
273,Hillary Clinton,allegations of unmasking Trump transition officials Not good,Donald J. Trump
274,Sharad Pawar,Mourn the demise of passengers in the tragic PatnaIndoreExpress accident,Sharad Pawar
275,Manish Sisodia,RT 2 lacs engineers unemployed every year https t co vY0EyTIjNw,Manish Sisodia
276,Barack Obama,The historic occasion has been made better with a surprise we have leaders of South Asian nations joining us in celebrating this launch,Narendra Modi
277,KD SINGH,1 4 JammuKashmir,KD SINGH
278,Derek O'Brien,music Sunday listening Poignant lyrics Mariah Carey amp Boyz II Men I know you are shining down on me from heaven https t co Y8AbhrFwRi,Derek O'Brien
279,KD SINGH,Congratulation PatrickModiano nobelprize2014,KD SINGH
280,Manish Sisodia,RT 3Failed,digvijaya singh
281,Hillary Clinton,RT That is an incitement to violence Probably actionable criminally https t co hySdkiLf3K,Salman Anees Soz
282,Sushma Swaraj,Javed Plz keep the Chief Minister Odisha informed about this Odisha,Sushma Swaraj
283,Hillary Clinton,RT The one right we do have is our vote Let s vote for those who recognize amp respect our rights https t co grFwRcOReL,Salman Anees Soz
284,Arvind Kejriwal,RT AAP For the first time in India LIVE Demo of EVM tampering See for yourself Share with everyone WeChallengeEC https,Arvind Kejriwal
285,Arun Jaitley,Chairing the G20 Apex Council meeting Delhi March 6 2017 https t co 3cxGZ6ATHe,Arun Jaitley
286,KD SINGH,1 2,Arvind Kejriwal
287,Manish Sisodia,RT Exclusive 2 https t co QekFo,Manish Sisodia
288,Manish Sisodia,RT,digvijaya singh
289,Arun Jaitley,RT London Finance Minister attending roundtable with prospective issuers leading investors and fintech leaders,Arun Jaitley
290,Sharad Pawar,Left Bahrain after a packed day2fly2Boston for 24hrs to pitch Trivandrum here https t co cZqqWvTyGf then2London https t co btL2mz4LHy,Shashi Tharoor
291,Hillary Clinton,The buzz in the secretariat is that is appointing a new advisor in the next 24 36 hours,Omar Abdullah
292,Arvind Kejriwal,RT Breaking 70S EVM AAP 2,Manish Sisodia
293,Shashi Tharoor,Delhi launch of Sethu s novel about Kerala Jews Aliyah w a lively conversation conducted by https t co FYqXKLv1m3,Shashi Tharoor
294,Omar Abdullah,Kashmir Is A Prison With Three Walls Do read this terrific piece by https t co ktja4fWkXC,Salman Anees Soz
295,Sharad Pawar,Tribute to savitribaiphule She courageously brought about a revolution of WomenEducation in India https t co xfB9nDHoJC,Sharad Pawar
296,Donald J. Trump,Despite major outside money FAKE media support and eleven Republican candidates BIG R win with runoff in Georgia Glad to be of help,Donald J. Trump
297,Manish Sisodia,RT Legacy of British Raj is still holding India back it s time to see British rule in India as horror it really was https,Shashi Tharoor
298,Akhilesh Yadav,No matter how many times I watch this video it never stops being clever https t co nZkenH7zcd,Omar Abdullah
299,Shashi Tharoor,RT INC RealIndia https t co z7Wqb3ejkC,Shashi Tharoor
300,Omar Abdullah,RT Two Muslim Teenagers Killed in India Over Accusation of Cow Theft https t co UgthLVV4TJ,Salman Anees Soz
301,KD SINGH,50 http t co qK8FzQ8YUD,KD SINGH
302,Omar Abdullah,RT The Valley has found an answer to the blocking of messaging sites VPN My 8 year old nephew is a master in bypassing the b,Omar Abdullah
303,Donald J. Trump,UP 100 the worlds largest 24 7 emergency service is now active and will enable the police to reach the complainan https t co poJEu1ZP9m,Akhilesh Yadav
304,Barack Obama,RT As advised on phone just now please keep us updated on your court case,Sushma Swaraj
305,Derek O'Brien,Thanks so much Didn t know I was being watched,Derek O'Brien
306,Shashi Tharoor,Renewed my membership in the company of my booth committee amp ward mandalam Block Presidents Party ready https t co VkPPnwUPII,Shashi Tharoor
307,Arvind Kejriwal,RT Betterment of our people can happen through fruitful engagement PM Sheikh Hasina,Narendra Modi
308,Sushma Swaraj,for help,Sushma Swaraj
309,digvijaya singh,RT Ind Modi ji is yet to condemn killing of Akhlaq whose son was in Airforce But Mahesh Sharma did pay tribute to Akhlaq s killer,digvijaya singh
310,KD SINGH,2 2 Ebola Ebola,KD SINGH
311,Sushma Swaraj,RT IFS passport nt an issue bt exit is Any Indi,Sushma Swaraj
312,Manish Sisodia,RT vns,digvijaya singh
313,Shashi Tharoor,The trusts would bear their entire educational expenses 2 2 https t co vqJupLLCev,Sharad Pawar
314,Sharad Pawar,The four week average of jobless claims fell to the lowest level since 1973 a sign of a healthy labor market https t co Lv7DnRM2DY,Barack Obama
315,KD SINGH,Master of Sarod http t co ogDhIoUsSa,KD SINGH
316,Derek O'Brien,Rajya Sabha passed the GST legislations today paving way for GST implementation Once again congratulations to every stakeholder,Arun Jaitley
317,Arvind Kejriwal,RT Afternoon AAP alleges EC for EVM tampering Evening Income Tax alleges AAP for accounts book tampering,Arvind Kejriwal
318,Salman Anees Soz,This is a good question for Prof Bhagwati What was he thinking Why would a man of his reputation write such drea https t co hSPCI22PjP,Salman Anees Soz
319,Derek O'Brien,Friday night If you are not out partying here s a senti song about lost love https t co MMqcbgyIGx,Derek O'Brien
320,Sushma Swaraj,RT And while we have your attention from recycled false claims here are some facts about how has improved li,Hillary Clinton
321,Shashi Tharoor,God is kind https t co 51TPlvQs9I,Derek O'Brien
322,Salman Anees Soz,The path to sabka saath sabka vikas is paved with authoritarianism says IN Do read https t co f7gVTlO1me,Salman Anees Soz
323,Sushma Swaraj,Lilly Singh Please contact Mr Indian High Commissioner in Canada Let me see what best can we do for you,Sushma Swaraj
324,Akhilesh Yadav,And also to the administrative machinery for their untiring efforts in bringing normalcy at all the locations 4 5,Sharad Pawar
325,Donald J. Trump,Insurance companies are fleeing ObamaCare it is dead Our healthcare plan will lower premiums amp deductibles and be great healthcare,Donald J. Trump
326,Shashi Tharoor,My name is Bond Uncle Bond Called to wish him on his land line Doesn t carry a mobile phone https t co 7Od8BeGpR0,Derek O'Brien
327,Donald J. Trump,After 5 SB victories since 2002 it was my honor to give Bob Kraft Coach Belichick and the players their first to https t co UZPKjqoGZY,Donald J. Trump
328,Sushma Swaraj,RT mam our 3 freinds are missing in bhutan plz help Dhendup Tshering tour guy 975 17608125 335336,Sushma Swaraj
329,Akhilesh Yadav,At the meeting of SP MLAs and MLCs Samajwadi Party headquarters Lucknow https t co WXYmN5Px8T,Akhilesh Yadav
330,Manish Sisodia,RT 2 2 Without even appearing to see the contradiction,Salman Anees Soz
331,Akhilesh Yadav,Laid the foundation stone for 11 district level centralised kitchens operated by Akshaya Patra They will serve mid https t co Yc8tYctfIE,Akhilesh Yadav
332,Arvind Kejriwal,Sad that EC has backed out of hackathon,Arvind Kejriwal
333,Derek O'Brien,Rise amp Shine Parliament resumes 23 match days remain Pitch will take bounce amp turn after March 11,Derek O'Brien
334,Derek O'Brien,Yes Such healthy competition between cities for becoming cleaner augurs well for the nation SwachhSurvekshan2017 https t co h8lfByWAma,Narendra Modi
335,Barack Obama,RT Telangana Both the Union ministers and VKSingh have proved time and again that help for an NRI is just a twee,Sushma Swaraj
336,Hillary Clinton,Inaugurated a hospital complex in Dickoya The hospital has state of the art facilities that will cater to healthca https t co fh3nTZQZLg,Narendra Modi
337,Hillary Clinton,The Act of killing amp mutilating the bodies of two of our soldiers is the most reprehensible amp barbaric The sacrifice will not go in vain,Arun Jaitley
338,Manish Sisodia,RT,Manish Sisodia
339,KD SINGH,http t co KVMrAOb9IG,KD SINGH
340,Akhilesh Yadav,Question and Answer session at the India Today event https t co Db5jJItw38,Akhilesh Yadav
341,digvijaya singh,RT Ind Have taken up this case legally UP Police must act more strongly against perpetrators not victimise the victims Govt must,digvijaya singh
342,Donald J. Trump,China just agreed that the U S will be allowed to sell beef and other major products into China once again This is REAL news,Donald J. Trump
343,Shashi Tharoor,How Kerala sets an example to the rest of India https t co M1cZIWsOZH,Shashi Tharoor
344,KD SINGH,Untill there is total social transformation 2 2,Sharad Pawar
345,Hillary Clinton,RT 1 Bizarre that many Muslims who cry about Islamophobia in the West will hound Ahmadis or discriminate against them ht,Salman Anees Soz
346,Hillary Clinton,RT SOUTHASIA Rest are safe and housed on board other vessels in Hamriya Port We are closely monitoring the,Sushma Swaraj
347,Omar Abdullah,Intensive monitoring amp inspection of grossly polluting industries has led to improvement in water quality of some tributaries of the Ganga,Narendra Modi
348,KD SINGH,1 3 Ebola Health http t co OorOnMAyfM,KD SINGH
349,Arun Jaitley,Addressing the Naval Commanders Conference New Delhi May 2 2017 https t co ekwOiFvwEw,Arun Jaitley
350,Akhilesh Yadav,Today s events https t co AoSMvwRwl3,Akhilesh Yadav
351,Sushma Swaraj,RT twts and convey d problem requirement We assured to Mr Jayant that we would extend a,Sushma Swaraj
352,Omar Abdullah,That the militants kidnapped an army officer amp murdered him shows a new mindset devoid of fear of retribution reven https t co P60waosH3T,Omar Abdullah
353,Narendra Modi,Launch of SouthAsiaSatellite is a historic occasion for all of us amp would herald a new era of cooperation in South Asia,Arun Jaitley
354,Omar Abdullah,Truly Mahatma Gandhi s thoughts are relevant in current context across the Globe,Sharad Pawar
355,Hillary Clinton,After speaking with our election candidates we conclude that BJP made false promises and polarised the vote with c https t co xxst6Eb55O,Akhilesh Yadav
356,Shashi Tharoor,Here is 100 ripping apart an propaganda piece on UP electricity under Adity https t co ZaXJtxG7Wo,Salman Anees Soz
357,Shashi Tharoor,After thirty years in Congress Senator this should not be your proudest accomplishment https t co FwGAJsBCoo https t co 86F1fhUWsp,Barack Obama
358,Hillary Clinton,You can vote for a hopeful inclusive big hearted vision for America Hillary https t co jfd3CXLD1s https t co JJcIfaLSSf,Hillary Clinton
359,Manish Sisodia,RT https t co CHM9OE7nke,Salman Anees Soz
360,Shashi Tharoor,Lauded Dr amp for their emphasis on social entrepreneurship https t co 35s4P378Sn https t co CVb5aj3j5U,Narendra Modi
361,Manish Sisodia,RT I look forward to working closely with President elect to further strengthen India France ties,Sushma Swaraj
362,KD SINGH,nan,Sushma Swaraj
363,Salman Anees Soz,RT m2m New IIP series shows severe impact of demonetisation on manufacturing sector https t co ya0FzekAA4 by Manas Chakravarty,Salman Anees Soz
364,Arun Jaitley,Had a very good meeting with rt His life journey amp accomplishments make every Indian proud amp inspire 1 25 https t co ZHE6XV1SVv,Narendra Modi
365,Akhilesh Yadav,Press conference after today s cabinet meeting https t co hh1jxhNCb8,Akhilesh Yadav
366,Derek O'Brien,Speaking for on Wednesday afternoon on GST but Tuesday night it s time for a mushy song Why not https t co mI9VrsMpgf,Derek O'Brien
367,Manish Sisodia,RT vns,digvijaya singh
368,Sushma Swaraj,I am happy to inform that 10 Indian nationals working as crew on MV AL Kausar which was hijacked by pirates have been rescued 1,Sushma Swaraj
369,Arun Jaitley,Addressing gathering mainly of rural women in Kulathoor about development programmes Told them vikas was about br https t co PIFnpqjlzc,Shashi Tharoor
370,Manish Sisodia,RT Everyday 35 farmers are committing suicide because the Govt has forsaken them Bluff9 Tikdam9 https t co A4who2cp3b,digvijaya singh
371,KD SINGH,NarmadaSevaYatra NarmadaSevaMission https t co jPCdG3HrUS,Narendra Modi
372,Omar Abdullah,Failing which has been calling me wrong for two years just got caught in a big lie concerning New England Patriots visit to W H,Donald J. Trump
373,KD SINGH,nan,Arvind Kejriwal
374,Derek O'Brien,On Day One my colleagues in LS set example on how to be a responsible Opposition in Parliament 4 speakers raise 3 issues,Derek O'Brien
375,Arun Jaitley,Addressing the Business Session at the 50th Annual Meeting of the Board of Governors of the ADB Yokohama May 6 2 https t co 6DhQTDrg8H,Arun Jaitley
376,Narendra Modi,RT Kudos to Government of India and PM for launch of South Asia Satellite Thank you for gifting it to all S,Narendra Modi
377,Omar Abdullah,Am glad that Hon ble CJI s appeal to the judiciary to take up hearings during vacations has yielded very positive amp encouraging results,Narendra Modi
378,Akhilesh Yadav,With the Rani Laxmi Bai awardees https t co sLxaMQtFJL,Akhilesh Yadav
379,Manish Sisodia,RT Yesterday shown same cheque which was showed six months back by Sehrawat Sehrawat deleted,Manish Sisodia
380,Derek O'Brien,Thanks,Derek O'Brien
381,Hillary Clinton,Vote for an America where we build bridges not walls Together let s prove that love trumps hate https t co ZCV69HA6gp,Hillary Clinton
382,Omar Abdullah,I am happy to inform about the release of two Indian nationals Midhun and Edward who were abducted in South Sudan https t co ZCmxtcsFdw,Sushma Swaraj
383,KD SINGH,3 6 NCRB 2009 2013 HumanTrafficking,KD SINGH
384,KD SINGH,https t co tAKjD6gIWO,digvijaya singh
385,Hillary Clinton,Exciting to see the grassroots army that is organizing to help expand the map in 2018 Learn more here https t co Of4RhkY82u,Hillary Clinton
386,Sharad Pawar,Congrats to Sh Trivendra Singh Rawat on being sworn in as CM of Uttarakhand I wish him amp his team the very best in the service of people,Arun Jaitley
387,Donald J. Trump,I m here today to honor our democracy amp its enduring values I will never stop believing in our country amp its future Inauguration,Hillary Clinton
388,Barack Obama,Senate leaders need to work for the good of the American people not seek out political points https t co Tdx3xk6gYi,Barack Obama
389,Omar Abdullah,This is your legacy Your 5 of the people have brought J amp K back to the early 90 s yet shamelessly https t co EhWonsBe9x,Omar Abdullah
390,Shashi Tharoor,RT India is greater than the sum total of its parts RealIndia https t co LsdTFRGWel,Shashi Tharoor
391,Akhilesh Yadav,Holi celebration at my residence HappyHoli https t co PKTBYj0jX8,Arun Jaitley
392,Hillary Clinton,Our children and grandchildren will look back at the choice we make on Tuesday Let s make them proud https t co c6mG8OZ1yr,Hillary Clinton
393,Omar Abdullah,Any time you are ready give it your best shot though you might want to find the you know whats to tweet using your https t co JfJXOyvzvk,Omar Abdullah
394,KD SINGH,4 4,KD SINGH
395,Manish Sisodia,RT Development must be citizen centric Today s development is child centred and women centred it makes governance accessible,Narendra Modi
396,Salman Anees Soz,RT You should answer this one https t co DOeQRFTII6,Manish Sisodia
397,KD SINGH,pallavighosh Agree with Vir Ignore trolls,Derek O'Brien
398,Shashi Tharoor,RT RSS will hold its annual review meeting in Jammu looking to send out a message to separatists https t co v0p5UBQ8K3,Omar Abdullah
399,Donald J. Trump,RT India Breakingnews hc order is seen as a win for womenofAmethi as BJP govt was trying to shut the centre in Amethi https t,digvijaya singh
400,Narendra Modi,Congratulations to South Asian countries their citizens amp scientists on successful launch of the first ever SouthAsiaSatellite,Arun Jaitley
401,Manish Sisodia,RT Investigation still under process Exact time frame will be known on completion Consulate mon,Sushma Swaraj
402,Manish Sisodia,RT Monitor Forces cordon Shopian village people stage protest operation called off By Agencies https t co mfiEFKVd7U,Omar Abdullah
403,Manish Sisodia,RT IFS In gulf countries majority of Indians ar,Sushma Swaraj
404,Narendra Modi,On the road in Sri Lanka overwhelmed https t co 0j7dZDk1op,Narendra Modi
405,Arun Jaitley,Meeting with Finance Minister of Indonesia Sri Mulyani Indrawati in Washington https t co LsnjmH9rOp,Arun Jaitley
406,KD SINGH,This year hasn t been wh https t co vw8Pumtwls,Hillary Clinton
407,Akhilesh Yadav,Inaugurated and laid foundation of many power projects in Etah district including the 2X660 megawatt Jawaharpur th https t co kVZtufJ5Ni,Akhilesh Yadav
408,Sushma Swaraj,RT cus People being beaten amp murdered across several BJP states Not a whisper of Jungle Raj Forget make in India we are not eve,Salman Anees Soz
409,Sushma Swaraj,RT mam mera bhai mohammad wasim malaysian penjara kajang jail mai hai pass no k6083819 plz help us agent ne frod,Sushma Swaraj
410,Barack Obama,Vice President Biden speaks on the dangerous precedent Senate leaders are setting by refusing to do their jobs https t co W1A7Oyb4gB,Barack Obama
411,KD SINGH,is a discerningly experienced journalist with a positive social vision 3 4,Sharad Pawar
412,Sushma Swaraj,We are coordinating with the investigative agencies They have got the CCTV footage and are in the process of apprehending the culprits 4,Sushma Swaraj
413,Akhilesh Yadav,Laptops distributed to Balrampur toppers Anjani Ekta Soumya along with other meritorious students Around 18L laptops distributed in UP,Akhilesh Yadav
414,Manish Sisodia,After the incident in Ramjas college Delhi GurmeherKaur is repeatedly being threatened for propagating peace 1 3,Sharad Pawar
415,Arvind Kejriwal,RT Arvind Kejriwal amp MS Sisodia meets the children affected by gas leak outside Rani Jhansi School amp makes sure emergency reliefs,Manish Sisodia
416,KD SINGH,1 2 Rape http t co HzuLR09xdl,KD SINGH
417,Arvind Kejriwal,RT Good to see this letter say the same thing I have been saying after Bhind episode technically EVMs CAN be tampered https,Arvind Kejriwal
418,Sharad Pawar,I compliment my team of officers in the MEA for their tireless efforts and hard work,Sushma Swaraj
419,Arun Jaitley,RT London Finance Minister opened the market at London Stock Exchange on February 27 2017 IndiaUK,Arun Jaitley
420,Arun Jaitley,Warm birthday greetings to Smt ji Chief Minister of Rajasthan May God bless her with a long healthy amp successful life,Arun Jaitley
421,Barack Obama,RT Sardar Patel also wanted the ban on RSS to stay forever Remember https t co KF4VOg3VkV,digvijaya singh
422,KD SINGH,Dr Homi Bhabha Scholarship of Rs 50 thousand for secondary school students 4 6,Sharad Pawar
423,Donald J. Trump,If there is a worse advertisement on TV than Chris Gayle s women want me to be a bad boy one then I haven t seen it yet,Omar Abdullah
424,Hillary Clinton,But this fight isn t over yet and we can t forget who it s about Here are some stories,Hillary Clinton
425,Donald J. Trump,On the eve of Internationaldayforeliminationofviolenceagainstwomen come amp join hand wid KDSinghFoundation to create a safe society 4 Women,KD SINGH
426,Donald J. Trump,RT Muscat Thank you all I have received my replacemnet passport great,Sushma Swaraj
427,Donald J. Trump,General Flynn was given the highest security clearance by the Obama Administration but the Fake News seldom likes talking about that,Donald J. Trump
428,Akhilesh Yadav,As we move forward the crowds cheers get louder and louder Thank you for your support at all our rallies https t co 3oMhr076gL,Akhilesh Yadav
429,Arun Jaitley,At the launch of India UK Financial Partnership April 4 2017 https t co EXtOrVOp1e,Arun Jaitley
430,KD SINGH,Progress in sectors including renewable energy rural housing LED bulbs is gladdening Over 2 crore people benefited from Ujjwala Yojana,Narendra Modi
431,digvijaya singh,RT Cuttack Odisha 2 Units A ve blood urgent need at SCB Hospital Apr 29 Pls Call 8658459191,Derek O'Brien
432,KD SINGH,2 2 3,KD SINGH
433,Omar Abdullah,Very sad 2 hear of barbaric mutilation of 2 soldiers at the border amp despicable attack that killed 5 police amp 2 J amp K bank officers in Kulgam,Salman Anees Soz
434,Donald J. Trump,Addressing a gathering of police officers during IPS Week UP100 our 24 7 emergency response service will be exten https t co JNNLQbcg4c,Akhilesh Yadav
435,Akhilesh Yadav,RT Another milestone for Passport Seva today Gwaliar Hisar Pimpri Chinchwad and Zunjhunu became partofNationalPassportGrid Eas,Sushma Swaraj
436,Manish Sisodia,RT All 182 plants mentioned in the Ramayan exist hence R is true So the Beech tree at the banks of Black Lake proves Hogwarts,Salman Anees Soz
437,Hillary Clinton,singh However in this case that argument falls flat because these recent burnings were because the schools https t co 1WmUPTGLWm,Omar Abdullah
438,Donald J. Trump,I have great confidence that China will properly deal with North Korea If they are unable to do so the U S with its allies will U S A,Donald J. Trump
439,Barack Obama,There has never been a more qualified nominee Senate leaders He deserves a fair hearing and a vote DoYourJob https t co qtzcY3iwyl,Barack Obama
440,Akhilesh Yadav,is training diverse Democratic women candidates and th https t co 4NT9dHwmyA,Hillary Clinton
441,Arun Jaitley,Hosted reception for the Defence investiture awardees March 21 2017 https t co qjSSJZ9mzw,Arun Jaitley
442,Salman Anees Soz,I burst out laughing when I saw this video this morning Hope it brightens your day https t co CEcdoaQUuC,Hillary Clinton
443,Sushma Swaraj,I have asked for a report from Government of Gujarat,Sushma Swaraj
444,Omar Abdullah,High tea this evening with Her Excellency Dr Ameenah Gurib Fakim President of Mauritius https t co gIpdTTsTW0,Akhilesh Yadav
445,Shashi Tharoor,I missed this piece by Brijesh Kalappa a decent man abused by Arnab Goswami a truly insecure character Do read https t co ygrn0Ox53U,Salman Anees Soz
446,Akhilesh Yadav,Hope Not Fear Indeed And what a beautiful piece by Louisa Cannell womensmarch https t co 7h3Bzx79nB,Hillary Clinton
447,Manish Sisodia,RT india https t co 3Cr4y1uZWW,Sushma Swaraj
448,Narendra Modi,RT ISRO team has led from the front in developing the South Asia Satellite as per the regions requirements and flawlessly launc,Narendra Modi
449,Donald J. Trump,Has any journalist with such a strong bias ever succeeded Would his journalism be fair and impartial Come on Arnab Nation wants to know,digvijaya singh
450,Omar Abdullah,Dear yr govt in the centre wants SC to adjudicate on nikah amp halal As CM of only Muslim majority st https t co v1q8PJ24WN,Omar Abdullah
451,Arun Jaitley,Briefing media on the decisions of the Cabinet April 19 2017 https t co xMIhFqiwYF,Arun Jaitley
452,KD SINGH,nan,KD SINGH
453,Shashi Tharoor,RT Monitor Ban on channels Wary cable operators refuse to obey diktat By Firdous Hassan https t co TcKI0oxuWt,Omar Abdullah
454,KD SINGH,nan,digvijaya singh
455,KD SINGH,4 6 http t co 7fw3ykNs1L,KD SINGH
456,Manish Sisodia,RT Another innovative step taken by Delhi govt in the field of education https t co TVwxQAwzju,Manish Sisodia
457,Narendra Modi,RT President Pledges Commitment to Regional Prosperity during the Commemoration of South Asia Satellite Launch https t co,Narendra Modi
458,KD SINGH,Noida MissingAbhinav http t co qzqZwrzePg,KD SINGH
459,Derek O'Brien,Video and transcript of what I said in Parliament on Monday https t co Y9f50ra4MC,Derek O'Brien
460,Barack Obama,Judge Garland is just as qualified now as he was in 1997 Senate leaders It s time to DoYourJob https t co j1lEkdMYV6,Barack Obama
461,Akhilesh Yadav,Lions and Tiggers and bears Oh my HappyHalloween https t co iU4fjBhi0Y,Barack Obama
462,KD SINGH,2 3,KD SINGH
463,Akhilesh Yadav,Enjoyed the interaction with on Off the Cuff 1 2 https t co 5Dm1FGMprn,Sharad Pawar
464,Barack Obama,Last week more than 190 countries reached a landmark deal to reduce carbon pollution from aviation https t co LRYkXVw3rO ActOnClimate,Barack Obama
465,Manish Sisodia,RT Contacted your brother He says he is returning to New Delhi today,Sushma Swaraj
466,KD SINGH,I don t know,Derek O'Brien
467,Barack Obama,RT Nobody should be priced out of a higher education on the progress we ve made https t co 4YohVv7Qea https t,Barack Obama
468,Manish Sisodia,RT,Manish Sisodia
469,Arvind Kejriwal,RT JUST IN Delhi court orders sealing of EVMs amp all documents of MCD ward 70S where candidate lost by 2 vo,Arvind Kejriwal
470,Donald J. Trump,A great honor to host the Champion New England at the White House today Congratulations https t co tQ5XEPaIxn,Donald J. Trump
471,Hillary Clinton,I am not going to let anybody rip up the progress that we ve made Hillary https t co 8wuWIUfBst,Hillary Clinton
472,Hillary Clinton,This election is on us it is in our hands If we get out and vote tomorrow Hillary Clinton will win https t co jfd3CXLD1s,Hillary Clinton
473,Sushma Swaraj,RT Ahuja Our officer Ms Monika Chawla has established contact with Ms Neha Ahuja She is being helped,Sushma Swaraj
474,Akhilesh Yadav,Thank you It was a dream and a commitment which India has adhered to https t co SguCEJSr0s,Narendra Modi
475,Manish Sisodia,RT ThreeYearsOfModi 3YearsFarmersInTears https t co uytg2SmvDd,digvijaya singh
476,Barack Obama,Our economy is on a better stronger course https t co yzB6x7CExJ,Barack Obama
477,Shashi Tharoor,RT Perfect amp Simple Commentary of the Present Situation h t https t co 9m1FHPsX3I,digvijaya singh
478,Arvind Kejriwal,RT Another AAP MLA comes clean from court in the fake cases filed by Delhi police This FIR was filed while Bassi was CP Delh,Manish Sisodia
479,Hillary Clinton,We re launching Onward Together to encourage people to get involved organize and even run for office https t co 8exooosvZ5,Hillary Clinton
480,Salman Anees Soz,Ex World Bank Chief Economist argues Demonetisation reduced growth by 1 5 percentage points mustread https t co 4foXISQAuo,Salman Anees Soz
481,Barack Obama,RT President Obama answers Slate s questions about his administration s new rule extending paid sick leave https t co 8AdEx431QN,Barack Obama
482,Donald J. Trump,RT President Trump to sign an executive order on religious liberty today the National Day of Prayer https,Donald J. Trump
483,Donald J. Trump,If our healthcare plan is approved you will see real healthcare and premiums will start tumbling down ObamaCare is in a death spiral,Donald J. Trump
484,Arun Jaitley,Congratulations to people of Delhi Karyakartas amp supporters for the emphatic victory of BJP in the MCDelections2017,Arun Jaitley
485,Akhilesh Yadav,The first bicycle highway of India inaugurated at Lion Safari today with 150 riders of international amp national rep https t co 81vq2tt3OK,Akhilesh Yadav
486,Narendra Modi,In his image Must read I totally endorse the views of the writer Shashi is being hounded by Sanghis https t co S5oKRL3p2w,digvijaya singh
487,Arun Jaitley,Addressing media on the 14th meeting of GST Council in Srinagar May 19 2017 https t co PUJIsA87SZ,Arun Jaitley
488,Shashi Tharoor,Released a two part book series on the eminent agricultural scientist Dr MS Swaminathan Sharing my speech https t co fO8ueaxL24,Narendra Modi
489,Sushma Swaraj,RT We have spoken to Josh victim of failed mugging Now well Our Hon Cons in Lithuania,Sushma Swaraj
490,Shashi Tharoor,RT Thank you so much for your reply My father is doing better thus my urgency to come to India has been reduced,Sushma Swaraj
491,Manish Sisodia,RT In FL over 1 million Latino voters have cast ballots early approximately doubled from 2012 Amazing,Hillary Clinton
492,Salman Anees Soz,Very sad May his soul rest in peace My condolences to Anil Dave Sahib s family https t co L7INVxKnQb,Omar Abdullah
493,Salman Anees Soz,RT This launch is an example of India s neighbour first policy President Abdulla Yameen,Narendra Modi
494,KD SINGH,https t co xYiiOmKv4K,Akhilesh Yadav
495,Arvind Kejriwal,RT So was the Entire Kapil Mishra episode planned by BJP to divert and stop AAP from today s EVM Expose in Delhi Assembly,Arvind Kejriwal
496,Arvind Kejriwal,RT When Kapil blames Kejri he is not diverting attention from his sacking When Kejri blames EVM flaws he is diverting atte,Arvind Kejriwal
497,Omar Abdullah,RT Spring snuffs claim over calm summer My sense of the scale of anger and rejection in Kashmir the denial in govt https,Omar Abdullah
498,Derek O'Brien,RT Kolkata AB ve blood donors urgent at PG Hospital Pls Call 9477205093 or 7980981524 cc,Derek O'Brien
499,Arvind Kejriwal,RT This is bigger than even the EVM demo AAP can prove if votes were stolen in recent municipal amp assembly elections Wow,Arvind Kejriwal
500,Manish Sisodia,RT Add your voice https t co mA9MSHmi7o https t co Uf7oEvkZF3,Barack Obama
501,Akhilesh Yadav,Ran into today fanboy moment https t co CBo4bUcGNn,Shashi Tharoor
502,KD SINGH,http t co p82Zu04oXn,KD SINGH
503,Donald J. Trump,Stunned amp saddened at the passing of Amala Thomas dearest friend amp TV producer We worked together on 2 quiz shows She was 47 GoneTooSoon,Derek O'Brien
504,Donald J. Trump,Happy Mother s Day to my love and partner on this journey and to all the wonderful hardworking mothers out there,Barack Obama
505,Barack Obama,Today I welcomed the Victory Christian Center School Good luck the Team America Rocketry Challenge TARC Watch https t co wFrRsK2wuo,Donald J. Trump
506,Hillary Clinton,RT And to find that it was preventable Family lodged a police complaint week before the incident I demand book those,Salman Anees Soz
507,Hillary Clinton,We need your help knocking on doors and making phone calls helping to turn people out Hillary https t co iWKBOE1i18,Hillary Clinton
508,Barack Obama,In the meantime I want to hear what you re thinking about the road ahead So share your ideas with me here https t co GYkEOK8EuT,Barack Obama
509,Omar Abdullah,RT The desperation levels of newly launched gossip channel is obvious Rubbish amp lies peddled as news is the new normal in post,digvijaya singh
510,Barack Obama,I read letters like these every single day It was one of the best parts of the job hearing from you https t co so1luBcszV,Barack Obama
511,Hillary Clinton,Sometimes to protect the ones you love you must make the right decision What I did today was a tough decision but https t co kbxDeYrZeO,Akhilesh Yadav
512,Derek O'Brien,Thank you https t co DhF8sLqwcT,Narendra Modi
513,Hillary Clinton,A decision that will safeguard the rights amp interests of women https t co OVKSpkDo6O,Narendra Modi
514,Omar Abdullah,RT 100 days ago a new message leader amp movement took the Oval Office A government FOR the people BY the people This is,Donald J. Trump
515,digvijaya singh,RT Ind I am pretty sure ji will listen to Swamy amp ensure an unqualified Rajnikant is not taken into BJP Hmmm,digvijaya singh
516,KD SINGH,nan,KD SINGH
517,KD SINGH,https t co uv1YixxnVJ https t co jdWOe6WsOT,Shashi Tharoor
518,KD SINGH,BJPFoundationDay,Arun Jaitley
519,Sharad Pawar,Distributed 25 lakhs each to the families of Martyrs from various districts https t co QOWpVn0bru,Akhilesh Yadav
520,Shashi Tharoor,Compliments on the occasion of NutanSamvatsara Ugadi GudiPadwa ChetiChand ChaitraNavratri https t co PVlubFyrcb,Arun Jaitley
521,Sharad Pawar,The matter is certainly outrageous and disrespectful I hereby appeal to party workers to ignore the matter and maintain peace,Sharad Pawar
522,Donald J. Trump,The Fake Media not Real Media has gotten even worse since the election Every story is badly slanted We have to hold them to the truth,Donald J. Trump
523,Omar Abdullah,Very sad amp alarming Condolences to the family May Lt Umar Fayaz s soul rest in peace https t co bY67JwKedc,Omar Abdullah
524,Sharad Pawar,Remembering Shri Chandra Shekharji on his birth anniversary https t co 5pAsdFhkqZ,Akhilesh Yadav
525,Barack Obama,Congress is back from recess Help put the pressure on Senate leaders to give Judge Garland a hearing https t co F4eATpElMT DoYourJob,Barack Obama
526,Sushma Swaraj,RT used to have a telephonic conversation with when the latter was in jail,digvijaya singh
527,Hillary Clinton,Released a song composed and created by supporters for our upcoming election campaign https t co q7RY6EJAaJ,Akhilesh Yadav
528,Omar Abdullah,Terrible news to end the day Sympathies amp condolences to the families and prayers for the deceased Kashmir https t co 4vQD46j0LM,Omar Abdullah
529,Arvind Kejriwal,RT Today AAP MLA MLAgk provided incontrovertible evidence that EVM tampering is possible What do all the sceptics,Manish Sisodia
530,Sharad Pawar,Reality check Bravo to those handful of journalists who are still not full time cheerleaders https t co fbtrXQoxaD,Derek O'Brien
531,Arvind Kejriwal,RT Do watch the Buck Stops Here at 10pm tonight,Salman Anees Soz
532,Arun Jaitley,At an event to honour Indian soldiers martyred in the 1971 war April 8 2017 https t co VyTHt4ZGWW,Arun Jaitley
533,Manish Sisodia,RT Zomato from serving 23 countries worldwide they gonna b serving the whole world with our credit card details,digvijaya singh
534,Derek O'Brien,President of India hosted State dinner for President of State of Palestine Privilege to attend Tradition ceremony plus music from Navy,Derek O'Brien
535,Manish Sisodia,RT,Manish Sisodia
536,Sharad Pawar,Congratulations to EAM Smt ji and the entire Hague team,Arun Jaitley
537,Akhilesh Yadav,History in a pic https t co p5mgIYWayd,Derek O'Brien
538,Arun Jaitley,Chaired the 13th meeting of the GST Council today March 31 2017 https t co dYM1Ipe73i,Arun Jaitley
539,KD SINGH,nan,Sushma Swaraj
540,Sharad Pawar,Wishing you all happy Buddha Pournima The birth anniversary of Lord Gautam Buddha Symbol of eternal love and pe https t co Vng4R5RyMR,Sharad Pawar
541,Omar Abdullah,RT Retired senior army officers who have handled Kashmir tell me Be militarily correct need political healing touch https,Omar Abdullah
542,Omar Abdullah,RT Youth are struggling to find jobs farmers are committing suicide amp soldiers are dying at the border What exactly is the G,Salman Anees Soz
543,Omar Abdullah,I dedicate this award to farmers whose relentless toil made this nation self reliant in food production 2 5,Sharad Pawar
544,Barack Obama,The need for a ninth justice is undeniably clear DoYourJob https t co L1EBgNbh3Q,Barack Obama
545,Akhilesh Yadav,The energy of the crowds inspires me everyday to do more and more for the people of UP https t co 5dqSN95llJ,Akhilesh Yadav
546,KD SINGH,12 hudhud http t co xaQKUHVqw9 http t co Ikys8mHUa3,KD SINGH
547,Donald J. Trump,In order to protest against the situation on 9th Jan 2017 NCP has planned protest activities in every district of Maharashtra 3 4,Sharad Pawar
548,Manish Sisodia,RT Badhai ho UP walon https t co r8xXaLcCq4,Manish Sisodia
549,Hillary Clinton,Just spoke with my friend President Moon Jae in of Korea Wished him every success amp invited him to visit India soon Together we succeed,Narendra Modi
550,Arun Jaitley,RT India Finance Min c launches UKIndiaYearofCulture starts today with buckinghampalace reception,Arun Jaitley
551,Arun Jaitley,RT ips Coordination meeting with African nationals by SW police held ystrdy VKSingh,Sushma Swaraj
552,Arvind Kejriwal,RT EVM BJP Anchor,Arvind Kejriwal
553,Shashi Tharoor,Attending first of its kind meeting called by Kerala CM w airline reps MinistryofCivilAviation o https t co zVDrsxG6vR,Shashi Tharoor
554,Hillary Clinton,America depends on you you all of you I didn t say Yes I can I said Yes we can https t co oHVglCTncQ,Hillary Clinton
555,Donald J. Trump,It was a great honor to welcome the President of Turkey Recep Tayyip Erdo an to the today https t co 4BWjOCgnNv,Donald J. Trump
556,Omar Abdullah,RT I wanted to be first at my polling place but 99 year old Minerva Turpin beat me to it Looks like I need to get used to bein,Hillary Clinton
557,KD SINGH,2 4 5 26 ceasefireviolation jammu,KD SINGH
558,KD SINGH,nan,Sushma Swaraj
559,Arun Jaitley,RT Finance Minister spoke of many investment opportunities in dynamic Indian economy at seminar organized by Emb,Arun Jaitley
560,Arun Jaitley,Hosted reception for the Defence investiture awardees April 7 2017 https t co uWmyQ8jcgr,Arun Jaitley
561,Akhilesh Yadav,At party head quarters today https t co QgheydNeJQ,Akhilesh Yadav
562,Hillary Clinton,CBI NIA ED combined Caged Parrots or Hand Maiden of Ruling Party It is for you to decide Where are we heading,digvijaya singh
563,KD SINGH,http t co aYfHzw1qYS,KD SINGH
564,Barack Obama,Let s celebrate New York State getting something important done that we wanted to do nationally A great step for p https t co mMeZ5IXPWY,Hillary Clinton
565,Barack Obama,RT In honor of HispanicHeritageMonth we celebrate the progress that Hispanic Americans have made under https t co,Barack Obama
566,Barack Obama,Wildfires in the next few decades could be unrecognizable to previous generations because of climate change https t co vM3xM6mCf3,Barack Obama
567,Shashi Tharoor,My one minute oral book review of Sethu s novel about Kerala Jews Aliyah https t co JB4OJOPdv4,Shashi Tharoor
568,Hillary Clinton,Thanks Happy to hear Let us all work together and create a new India https t co 12Z7JmdsO4,Narendra Modi
569,Donald J. Trump,Eventually but at a later date so we can get started early Mexico will be paying in some form for the badly needed border wall,Donald J. Trump
570,Donald J. Trump,My best tweets are the ones I save as drafts instead of posting them I have some real gems tucked away there,Omar Abdullah
571,Akhilesh Yadav,Distributed specially fitted cycles and accessories for World Disability Day https t co MAgok1mQ4Z,Akhilesh Yadav
572,Barack Obama,Well said Jimmy That s exactly why we fought so hard for the ACA and why we need to protect it for kids like Bil https t co jB3LXT94Ok,Barack Obama
573,Sushma Swaraj,I saw this news item and asked for a report from which has been received 1I https t co Y0Fruh8YXM,Sushma Swaraj
574,Omar Abdullah,I hope has thought through the implications of mass student protests across the valley This is a de https t co kNrZid1dnP,Omar Abdullah
575,Hillary Clinton,If you believe we should never write discrimination into our laws you ve got to vote Hillary https t co jfd3CXLD1s,Hillary Clinton
576,Sushma Swaraj,I have received a report on the shootout incident resulting in the tragic death of Indian national Vikram Jaryal in Washington State USA 1,Sushma Swaraj
577,Akhilesh Yadav,In discussion with Dr Ammar Rizvi today https t co 4AjLOS5nGA,Akhilesh Yadav
578,Arun Jaitley,RT The world owes the French a big thank you for stopping bigotry s march so emphatically https t co YMcaslssEl,Salman Anees Soz
579,Sharad Pawar,The comments are in deviation with the oath taken by Ministers to follow the code of conduct with integrity and commitment to the state,Sharad Pawar
580,Arvind Kejriwal,RT Under BJP rule India has become the largest exporter of meat Our soldiers are beheaded Shame on such a gover,digvijaya singh
581,KD SINGH,https t co SMRBtiE7q9,Sharad Pawar
582,Sharad Pawar,Happy MakarSankrant Lohri Bihu Uttarayan and Pongal to all fellow Indians across the world https t co KXWJ7ChiTw,Sharad Pawar
583,Hillary Clinton,You can watch tomorrow s Narmada Seva Yatra programme live on your mobiles https t co TYuxNNJfIf,Narendra Modi
584,KD SINGH,WeeklyAddress https t co UYEhgch4Hl https t co HIQoFuc5cy,Donald J. Trump
585,Akhilesh Yadav,Addressed five rallies to overflowing crowds in Etah and Aligarh districts https t co QPgPDrMGwU,Akhilesh Yadav
586,Sushma Swaraj,Welcome His Excellency Mr Bert Koenders Minister of Foreign Affairs Government of Netherlands,Sushma Swaraj
587,Donald J. Trump,Seeing is believing By visiting the exhibition our Farmers amp Entrepreneurs can and will bring changes to ur lives,Sharad Pawar
588,Shashi Tharoor,RT 25 min is quite a long distance run by any standards Noted the nod to KBC too thanks https t co h27VH3N7VO,Derek O'Brien
589,Manish Sisodia,RT Delhi govt all set to inaugurate 5 English medium govt schools offerin state of the art facilities in July Jo Kaha Wo,Arvind Kejriwal
590,KD SINGH,https t co z4C3YhebPi https t co 7z8GOUoJYU,Shashi Tharoor
591,KD SINGH,Ottawa,Sushma Swaraj
592,Arvind Kejriwal,RT EVMTEMPERING MLAgk Bj,Arvind Kejriwal
593,Arvind Kejriwal,RT Six agencies CBI ED IT SFIO ACB IB working round the clock to fix amp Kejriwal The witch hunt is unp,Arvind Kejriwal
594,KD SINGH,https t co 111LAPtnQa,Akhilesh Yadav
595,Barack Obama,Six months is long enough senators It s time to DoYourJob and give Judge Garland a hearing https t co A2Yedmhuw6,Barack Obama
596,Donald J. Trump,The Fake Media is working overtime today,Donald J. Trump
597,Narendra Modi,Yes we have a very old and strong bond with Sri Lanka https t co GDB3CEA80l,Narendra Modi
598,Salman Anees Soz,There should be an inquiry after electronic voting machines in Madhya Pradesh were only dispensing BJP slips https t co VIpxQBVi9a,Akhilesh Yadav
599,KD SINGH,Pakistan ceasefireviolence firing India JammuKashmir Pak,KD SINGH
600,Omar Abdullah,RT Mattu A retired IAS Officer who has never served in J amp K will be the CM s Advisor overseeing implementation of all Central Sche,Omar Abdullah
601,Derek O'Brien,RT Bengal respects all languages and languages of all States Our three language formula shows how we really do https,Derek O'Brien
602,Hillary Clinton,Dear Mr Gupta now that it has been established that the man WAS NOT a TA jawan as claimed by you how about you clar https t co zxCDexmmdM,Omar Abdullah
603,Sushma Swaraj,RT twts CGISF has reached out to Mr Jayant friend of r Aloukik and conveyed the contact,Sushma Swaraj
604,KD SINGH,nan,Sharad Pawar
605,KD SINGH,1 2 NobelPrize,KD SINGH
606,KD SINGH,UP CM Adityanath photo ops with animals media laps it up UP CM closing a criminal case against himself media still lapping it up,Salman Anees Soz
607,Arun Jaitley,B day greetings to Sh Faggan Singh Kulaste ji my colleague in the Union Council of Ministers May God bless him with a long amp healthy life,Arun Jaitley
608,Hillary Clinton,If you are in Kolkata today join us for an evening of nostalgia conversations and more to remember my dad on his https t co MFIcUenckV,Derek O'Brien
609,Arun Jaitley,Birthday compliments to Shri ji my colleague in the Union Cabinet May he be blessed with a long healthy amp successful life,Arun Jaitley
610,Sharad Pawar,It was pleasurable amp inspirational moment to be with Bill F Austin founder of USA at Baramati https t co EEvugpXADg,Sharad Pawar
611,Omar Abdullah,More so after being the Prime Target of Modi s Troll Army Their abuse doesn t affect me at all in fact it amuses me,digvijaya singh
612,Arun Jaitley,At the South Asia Sub regional Economic Cooperation SASEC Finance Ministers meeting April 3 2017 https t co RCw5qHBpwT,Arun Jaitley
613,Akhilesh Yadav,In Mumbai today at 7pm friends from the Indian television industry will pay tribute to Amala Thomas Here are the https t co pDLpY3VDu8,Derek O'Brien
614,Arvind Kejriwal,RT Big breaking from delhi government Kapil Mishra out of Kejriwal cabinet Kailash Gehlot and rajendra gautam will be N,Arvind Kejriwal
615,Shashi Tharoor,Greetings on the auspicious occasion of Buddha Purnima https t co wCFP9zUezc,Narendra Modi
616,Donald J. Trump,About 18 lakh Laptops distributed to meritorious students in Uttar Pradesh Wishing all of them success in their careers,Akhilesh Yadav
617,Omar Abdullah,RT Couldn t be more proud of my mom amp the campaign she s run Let s bring it home for her today https t co Mw1JC5L9rj,Hillary Clinton
618,Manish Sisodia,RT,Manish Sisodia
619,KD SINGH,https t co X5iAWGplcl,Sharad Pawar
620,Donald J. Trump,Saddened to know about the passing away of Justice Leila Seth Her progressive views on justice amp gender issues will always encourage us,Arvind Kejriwal
621,Manish Sisodia,RT oops wrong Sagarika sirs Main do bachche ki ma hoon https t co 37wH9INQZP,Omar Abdullah
622,Donald J. Trump,Having known Dr MS Swaminathan for years I can say that there is a farmer alive in him amp this spirit has benefitted the entire nation,Narendra Modi
623,Arvind Kejriwal,EVM,Manish Sisodia
624,KD SINGH,ir,Narendra Modi
625,Arun Jaitley,Addressing the Global Investor s Summit Momentum Jharkhand in Ranchi Feb 16 2017 https t co V7aoW7bIm3,Arun Jaitley
626,Arun Jaitley,B day greetings to VKSingh ji my colleague in the Union Council of Ministers May God bless him with a long healthy amp successful life,Arun Jaitley
627,Akhilesh Yadav,Today was a victory for all Americans https t co LX6lzQXtBR,Hillary Clinton
628,KD SINGH,Pls look into this,Sushma Swaraj
629,Hillary Clinton,If you believe in science and that we have to act on climate change then you have to vote Hillary https t co jfd3CXLD1s,Hillary Clinton
630,KD SINGH,https t co 0mgMm6ZHae,Sushma Swaraj
631,Arun Jaitley,Absolutely shocked by the sudden demise of my friend amp a very respected colleague Environment Minister Anil Madhav Dave ji My condolences,Narendra Modi
632,Shashi Tharoor,I thank the Tamil community of Indian origin for their warmth during the programme earlier today Sharing my speech https t co DB1FAKWKGW,Narendra Modi
633,Arun Jaitley,RT Meeting with Indian Finance Minister and UK Foreign Secretary https t co ISPaHVp3QF,Arun Jaitley
634,Donald J. Trump,I am watching the Democrats trying to defend the you can keep you doctor you can keep your plan amp premiums will go down ObamaCare lie,Donald J. Trump
635,Arvind Kejriwal,RT omar Imagine the twitter outrage if this had happened for Rahul Gandhi to visit instead of for the UP CM All sorts of name c,Salman Anees Soz
636,KD SINGH,nan,Sushma Swaraj
637,Arvind Kejriwal,RT Demo the tampering on look alike EVM forgery case will be filed Show it on real EVM theft case will be filed What in,Arvind Kejriwal
638,digvijaya singh,RT The reality of s own Adarsh Gram Roads broken Limited power Jobs lost Watch Bluff6 Tikdam6 https t co 3,digvijaya singh
639,Barack Obama,RT Every nominee including Kennedy in an election year got an up or down vote on serving as Senate Judiciary Chairman or R,Barack Obama
