,text,pred,actual
0,https t co pkf4mzpByj,Barack Obama,Sharad Pawar
1,Giving away one of 37 Laadli Media Awards for gender sensitive reporting and advertising With the winners afterwar https t co 2cjXzDPdr0,Shashi Tharoor,Shashi Tharoor
2,RT It s a beautiful day on the South Side https t co PtoaFbww0s,Narendra Modi,Barack Obama
3,than succumb to the hate and vitriol being spread by a section of society 3 3,Sharad Pawar,Sharad Pawar
4,https t co SJz49fQjXD,Barack Obama,Sharad Pawar
5,RT I want to challenge the BJP give us the EVMs which will be used in Gujarat polls for 3 hrs you won t win a single booth,Arvind Kejriwal,Manish Sisodia
6,Chairing the 14th meeting of GST Council in Srinagar May 18 2017 https t co negK35FacT,Arun Jaitley,Arun Jaitley
7,RT Maybe this is why we read and why in moments of darkness we return to books to find words for what we already know Alberto M,Barack Obama,Shashi Tharoor
8,https t co ZcQjQojV6f,Barack Obama,Narendra Modi
9,Absolutely agree https t co K3pIrbT9Ne,Omar Abdullah,Narendra Modi
10,RT My two cents on the unnecessary controversy about Imam Barkati He is not associated with TMC Didi never uses lal batti Why,Derek O'Brien,Derek O'Brien
11,Take what matters with you https t co E0hXWSu1q3 https t co KJJdkE8DML,Barack Obama,Barack Obama
12,She needs to be lauded for what she has said and for all of us to stand by her and all other peace loving Indians 2 3,Hillary Clinton,Sharad Pawar
13,RT Sh Chauhan s family is aware of the case They can file an appeal in higher court 2 n,Sushma Swaraj,Sushma Swaraj
14,2 2 NobelPrize2014,KD SINGH,KD SINGH
15,India remains committed to strengthening our special relationship with Iran,Sushma Swaraj,Narendra Modi
16,LIVE President Obama is speaking at the 71st Session of the United Nations General Assembly https t co J8cm9QquER UNGA,Barack Obama,Barack Obama
17,Trump Russia story was an excuse used by the Democrats as justification for losing the election Perhaps Trump just ran a great campaign,Donald J. Trump,Donald J. Trump
18,RT Hon ble Minister of Finance Sri Arun Jaitley arrives in Nepal Cd A Sri Vinay Kumar receives at Tribhuvan International A,Arun Jaitley,Arun Jaitley
19,Launch of South Asia Satellite is a first of its kind project with several benefits for our region History was created with today s launch,Narendra Modi,Narendra Modi
20,2 2 2 http t co H9zC4tRsXg,KD SINGH,KD SINGH
21,RT World class training for Delhi govt school Principals at Delhi govt at work https t co Q2Lwwf7Ysz,Manish Sisodia,Arvind Kejriwal
22,GST l l,Derek O'Brien,Arun Jaitley
23,1 2 23 40 Nepal,KD SINGH,KD SINGH
24,Congratulations to every trader producer amp consumer of goods amp services in the country on the passage of historic GST Laws,Arun Jaitley,Arun Jaitley
25,RT INC Police torture must stop It s time for every thinking Indian to stand up and raise our voices against t,Hillary Clinton,Shashi Tharoor
26,Pune meet with the family of martyred shahid Saurabh Farate https t co N36fgO2PfW,Sharad Pawar,Sharad Pawar
27,Football jersey number 110 for Arun Jaitley please My latest Facebook post also on Feedback welcome gt gt https t co FlAqhr0iNK,Derek O'Brien,Derek O'Brien
28,The reason for the plan negotiated between the Republicans and Democrats is that we need 60 votes in the Senate which are not there We,Barack Obama,Donald J. Trump
29,http t co sX3n9a9fql,KD SINGH,KD SINGH
30,London,Arun Jaitley,Sushma Swaraj
31,Friday morning reading extracts from recently released National Health Policy 2017 Numbers amp reality say full on HealthReformsInBengal,Arun Jaitley,Derek O'Brien
32,https t co 07YSLJY4Wn,Barack Obama,digvijaya singh
33,Grief when it comes is nothing like what we expect it to be Joan Didion,Donald J. Trump,Derek O'Brien
34,LARGEST SINGLE PARTY Vs A COMBINATION WITH MAJORITY SUPPORT https t co thsVZTuGGq,Akhilesh Yadav,Arun Jaitley
35,We don t have to accept a dark and divisive vision for America Tomorrow you can vote for a hopeful inclusive b https t co AequOcpVzQ,Hillary Clinton,Hillary Clinton
36,RT Thanks Mam I get call from Indian embassy Thanks for supporting us here,Derek O'Brien,Sushma Swaraj
37,RT,Manish Sisodia,digvijaya singh
38,RT Not the first time that have used THE word Found it again while going through his work India cc,Donald J. Trump,Shashi Tharoor
39,has taken up this matter with Frankfurt Airport authorities The matter has been referred to the Polic https t co 5BEJ6BbdLB,Sushma Swaraj,Sushma Swaraj
40,Muslim man lynched in UP s Bulandshahr allegedly by UP CM s Hindu Yuva Vahini members savages https t co ryBw29KU7P,Salman Anees Soz,Salman Anees Soz
41,I have been asking Director Comey amp others from the beginning of my administration to find the LEAKERS in the intelligence community,Donald J. Trump,Donald J. Trump
42,This is no accident we re making a comeback because together we ve fought hard to support American families https t co LTk7SiTexP,Hillary Clinton,Barack Obama
43,https t co 4vKCTYO4Sz,Barack Obama,Sharad Pawar
44,BuyAmericanHireAmerican https t co JPEXQTVR1E,Akhilesh Yadav,Donald J. Trump
45,At Mannkameshwar Upvan https t co YVe3f3VCWx,Akhilesh Yadav,Akhilesh Yadav
46,President Obama lays out just a few of the ways in which Obamacare has helped millions of Americans https t co qeqHRLz0ID,Barack Obama,Barack Obama
47,Great job bringing this to light Very interesting data Instead of a Modi wave Delhi MCD was a case of a Kejriwal https t co 30pdaFIr9M,Salman Anees Soz,Salman Anees Soz
48,kynjing Chill,KD SINGH,Derek O'Brien
49,These are more than statistics they re American lives at risk because this administration willfully ignores the sc https t co mTujrQOz65,Barack Obama,Hillary Clinton
50,RT Algerian co assured d Embassy that remaining 4 Indian nationals to be repatriated next week Embassy in regular contact,Sushma Swaraj,Sushma Swaraj
51,RT Warm welcome in Boston this morning https t co mEswRa0VBE,Sushma Swaraj,Hillary Clinton
52,RT Inauguration of an English TV news channel happened by taking a supari against me https t c,Akhilesh Yadav,digvijaya singh
53,100 This one is about UP elections not electricity,Derek O'Brien,Salman Anees Soz
54,RT chadha Jethmalani gearing up to cross examine Jaitley at 2pm on 15th and 17th May 2017 at Delhi HC Action begins https t co,Arun Jaitley,Arvind Kejriwal
55,Climate change s effects are devastating Denying the science behind it does nothing to help https t co Rww40wwgD9 ActOnClimate,Barack Obama,Barack Obama
56,nan,Manish Sisodia,digvijaya singh
57,Inaugurating meeting of 88 booth presidents in ChenkalPanchayat Gearing up the organisation w LokSabha e https t co fH7wMPBjvL,Arun Jaitley,Shashi Tharoor
58,Good Evening to all,KD SINGH,KD SINGH
59,RT Aided by crony channels BJP should stop peddling lies Indian Govt refused to participate before Int Arbitration Council,Salman Anees Soz,digvijaya singh
60,RT sood Ma am Mr Udit Sood has been contacted by the Indian Consulate Consul General himself spoke t,Sushma Swaraj,Sushma Swaraj
61,4 4 AsianGames2014 Asiad2014,KD SINGH,KD SINGH
62,The Hindutva extremists engineered by the fascist RSS and enabled by PM Modi will destroy India s reputation aroun https t co vtKP8WVSF6,Salman Anees Soz,Salman Anees Soz
63,RT Our PM not responsible for anything Farmer s distress failure of demonetisation unemployment all created,Salman Anees Soz,Arvind Kejriwal
64,RT en BREAKING Emmanuel Macron elected president of France with 65 1 of the vote https t co 4Vod8NNBm4,Hillary Clinton,Arvind Kejriwal
65,It s going to be close and we need you on this team Confirm where to vote today https t co jfd3CXLD1s,Hillary Clinton,Hillary Clinton
66,RT 3Fa,Manish Sisodia,digvijaya singh
67,Yes we will help you Plz tell me what help do you want https t co ObOJ0etfwH,Sushma Swaraj,Sushma Swaraj
68,RT By conferring a doctorate on Erdogan Jamia is celebrating a regime that attacks academic freedom https t co cDVG41q,Shashi Tharoor,Salman Anees Soz
69,RT india Hon ble FM Shri along with Minister Liam Fox and the Indian business delegation opening https t co,Arun Jaitley,Arun Jaitley
70,nan,Manish Sisodia,Narendra Modi
71,An aam aadmi s favourite article of the season on why Pakistan exports more mangoes than India https t co bVvCeidwbJ,digvijaya singh,Shashi Tharoor
72,We are a united family of South Asian countries united in our pursuit of peace progress amp prosperity of our region amp the entire humankind,Narendra Modi,Narendra Modi
73,RT Raksha Mantri held talks with Japan Defense Minister H E Tomomi Inada at Japan Ministry of Defense today St,Arun Jaitley,Arun Jaitley
74,Shocked at sudden demise of union environment minister Anil Dave ji May his soul rest in peace Heartfelt condolences to bereaved family,Arun Jaitley,Arvind Kejriwal
75,Yes that s why amp her brother didn t allow protestors to alter the schedule of the Anantnag by poll https t co SxQy0goRd3,Omar Abdullah,Omar Abdullah
76,RT Watch FM Shri s reply during discussion on Union Budget General 2017 18 https t co JuFYXdLrpv,Arun Jaitley,Arun Jaitley
77,Today s programs at the Party Office https t co KjSOHGE25v,Akhilesh Yadav,Akhilesh Yadav
78,Happy Mother s Day to you amp all mothers https t co nHBpEv49J9,Hillary Clinton,Shashi Tharoor
79,Army gives clean chit to its officer in the human shield case It sets a terrible precedent Sense of injustice in Kashmir will deepen,Omar Abdullah,Salman Anees Soz
80,Watch Hillary deliver remarks on the election from New York City https t co MTRLzjN42x,Hillary Clinton,Hillary Clinton
81,RT A group of 44 Delhi govt school principals have gone to IIM Ahmedabad for a 10 day school leadership program,Manish Sisodia,Manish Sisodia
82,https t co 2yBYw4LYji,Barack Obama,Sharad Pawar
83,Now what will some of those cheerleaders who were once journos say https t co LLBPv9z3MM,Hillary Clinton,Derek O'Brien
84,RT Govt launches Operation Clean Money Sounds more like Clean out your Money,digvijaya singh,digvijaya singh
85,Thank you jenab Please ensure the safety of Kashmiris inc students in Kashmir as well The state government has https t co jLc7y45OA2,Omar Abdullah,Omar Abdullah
86,RT Chicago approves new plan to hide illegal immigrants from the feds plus give them access to city services https t co,Barack Obama,Donald J. Trump
87,Today s meetings The membership drive is on full speed Grateful to the party workers for their hard work to make https t co 4A1VccWUxo,Akhilesh Yadav,Akhilesh Yadav
88,Congratulations to JohnDaly on his big win yesterday John is a great guy who never gave up and now a winner again,Donald J. Trump,Donald J. Trump
89,RT 3 years of broken promises non performance amp betrayal of a mandate,Omar Abdullah,digvijaya singh
90,https t co 6pYGW2sdVa,Barack Obama,Akhilesh Yadav
91,Oh lord She is a doctor herself Lives and works in NYC Ok,Derek O'Brien,Derek O'Brien
92,Posters threaten Kashmiris in UP BJP Ministers threaten Kashmiris with bullets BJP poaches MLAs to win MLC seat amp clings on,Arun Jaitley,Omar Abdullah
93,I want to thank Tim Kaine and Anne Holton for being our partners on this journey Hillary,Hillary Clinton,Hillary Clinton
94,Birthday wishes to Haryana CM May he lead a long life full of good health,Arun Jaitley,Narendra Modi
95,RT Also retired military and diplomatic personnel from India Pakistan besides musicians writers politicians journalists,KD SINGH,Salman Anees Soz
96,RT Delhi water crisis Haryana not releasing Del s share I just spoke to LG n requested him to seek PMO s intervention,Manish Sisodia,Arvind Kejriwal
97,I pay homage to Swami Ramanand Tirth who led struggle against the Nizam amp Razakars amp freed the State from the shackles of Asafzahi 2 2,Omar Abdullah,Sharad Pawar
98,This is akin to Pakistani channels talking to Deve Gowda to discuss developments in India Irrelevant no matter how https t co EQebyuYPQu,Salman Anees Soz,Omar Abdullah
99,1 3,KD SINGH,KD SINGH
100,RT Launch of the South Asia satellite historic moment for the world it ushers in a new era of regional cooperation Bhutan PM,Narendra Modi,Narendra Modi
101,RT Interview We need to reconnect with the people https t co jZQlJC65NL,Barack Obama,Manish Sisodia
102,RT INC Our view of nationalism is inclusive and accomodative taking the entire nation along with us,Shashi Tharoor,Shashi Tharoor
103,RT I m told BJP national leadership is in a complete tizzy right now after AAP s EVM demo Pics of demo are playing on ever,Arvind Kejriwal,Arvind Kejriwal
104,Help keep the pressure on Senate leaders to give Judge Garland a fair hearing before their next recess https t co lkLz4yidaw DoYourJob,Barack Obama,Barack Obama
105,Today s meetings https t co lcr6AXmehj,Akhilesh Yadav,Akhilesh Yadav
106,Communities are already experiencing the effects of climate change we can t afford not to act Take a look https t co sEjVzKqhsw,Barack Obama,Barack Obama
107,The Russia Trump collusion story is a total hoax when will this taxpayer funded charade end,Donald J. Trump,Donald J. Trump
108,We are making tremendous progress with the V A There has never been so much done so quickly and we have just started We love our VETS,Hillary Clinton,Donald J. Trump
109,RT Institutional Delivery in health centres n hospitals has increased frm 65 to 90 in the past 6 years Thanks to Didi H,Derek O'Brien,Derek O'Brien
110,RT DGNewsClips https t co vadO3,Manish Sisodia,Manish Sisodia
111,RT Just read the painfully constructed EC statement it sermons a lot but is sadly silent on the Hackathon challenge amp ea,Arvind Kejriwal,Arvind Kejriwal
112,With threats amp hate crimes on rise we shouldn t have to tell to do his part He must step up amp speak out https t co QKKyXyuqNM,Hillary Clinton,Hillary Clinton
113,RT 16000 https,Manish Sisodia,Manish Sisodia
114,nan,Manish Sisodia,Sushma Swaraj
115,Tomorrow we have the chance to stand up for the America we believe in RT this if you re voting https t co 7T7UqlIvGt,Hillary Clinton,Hillary Clinton
116,RT Election Commission is in fix now Either way today s demo by Saurabh Bhardwaj has raised more questions on EVMTampering,Arvind Kejriwal,Arvind Kejriwal
117,Delivered a lecture at the South Indian Seminar Minority Department NCP Kochi 1 4 https t co 3wXYOHm3go,Sharad Pawar,Sharad Pawar
118,Help rangers protect the elephants Go to https t co pqxZttyOGh EarthDay Tribeca2017,Hillary Clinton,Hillary Clinton
119,Good Evening 2 all,KD SINGH,KD SINGH
120,Will be interviewed by on at 9 00 P M Saturday night Enjoy,Donald J. Trump,Donald J. Trump
121,RT i k h i l l Wow India is great,digvijaya singh,Sushma Swaraj
122,http t co gmBJFYYmZB,KD SINGH,KD SINGH
123,There is no justification regardless of their motives for the burning of schools amp the denial of education to our younger generation,Manish Sisodia,Omar Abdullah
124,Congratulations to Emmanuel Macron on his big win today as the next President of France I look very much forward to working with him,Donald J. Trump,Donald J. Trump
125,On International Women s Day and I are inspired by all of you who embrace your power to drive chang https t co Er9mIQlmgr,Akhilesh Yadav,Barack Obama
126,Addressed seminar on role of civil society in disaster management organised by amp SEEDS Good to se https t co B8GbQ9Ofrw,Arun Jaitley,Shashi Tharoor
127,Birthday wishes to ji a valued colleague who has devoted his life in service of the poor amp marginalised I pray for his long life,Arun Jaitley,Narendra Modi
128,RT Jalpaiguri WB O ve blood urgent for Pregnant Lady at Zilla Hospital Pls Call 7384400803 Mar 13,Derek O'Brien,Derek O'Brien
129,Where have you applied https t co Xrr8XuQ8m3,Hillary Clinton,Sushma Swaraj
130,You would be happy to know that capacity addition in solar energy in FY17 stands at the highest ever at 81,Akhilesh Yadav,Narendra Modi
131,UP EVMs AAP 1,Arvind Kejriwal,Manish Sisodia
132,RT During that period someone named was Education Minister of Assam https t co EsNhjMzPlw,Arun Jaitley,Salman Anees Soz
133,SouthAsiaSatellite will enhance digital cooperation help in developing joint strategy for countering disasters in the South Asia region,Narendra Modi,Arun Jaitley
134,RT Watch LIVE Special AICC Press Briefing 3FailedYears https t co xgNeqachz8 amp https t co KpLdaK4GOy,digvijaya singh,digvijaya singh
135,RT If reports of EC developing cold feet on hackathon are true then this will raise serious questions on the outcome of rece,Arvind Kejriwal,Arvind Kejriwal
136,Lord Ganesha God of Wisdom amp Intellect may bring health happiness and ward off evils and odds from lives of all https t co 9qT7gFRCo4,Arun Jaitley,Sharad Pawar
137,https t co XJVF6SgF8W,Barack Obama,Manish Sisodia
138,Tomorrow the choice you face when you step into that voting booth could not be more clear and could not be more serious,Hillary Clinton,Hillary Clinton
139,Stronger together https t co 9TkaJrjW0a,Hillary Clinton,Hillary Clinton
140,RT Behind s Delhi assembly EVM show Two months of preparation 25 dummy runs https t co NRboeI4KsD,Arvind Kejriwal,Arvind Kejriwal
141,Indians abroad All such calls are fake Plz report such cases to Indian mission They will follow up with the Pol https t co TLNj2ZMlep,Sushma Swaraj,Sushma Swaraj
142,RT 3 12 ISI 3FailedYears,digvijaya singh,digvijaya singh
143,2 4 Marykom,KD SINGH,KD SINGH
144,RT Chelsea Clinton on I am fiercely ridiculously proud to be her daughter https t co 72UKFDqNWE,Hillary Clinton,Hillary Clinton
145,I will ask Indian Embassy in Netherlands to extend all help Plz do not worry https t co uaYW8X41LQ,Sushma Swaraj,Sushma Swaraj
146,RT Congratulations Venkaiah Ji I am sure you will give your best amp contribute towards creating futuristic cities https t,Narendra Modi,Sushma Swaraj
147,RT Space technology will touch the lives of our people in the region PM,Narendra Modi,Narendra Modi
148,This is not the outcome we wanted I m sorry we did not win this election for the values we share and the vision we hold for our country,Hillary Clinton,Hillary Clinton
149,Thanks singh Appreciate your decency Wish there was more of it in the media https t co CTMbZNcTsK,Derek O'Brien,Shashi Tharoor
150,RT Our series on GujaratAfterModi continues Industry is on auto pilot but job creation isn t great via https t,Salman Anees Soz,Salman Anees Soz
151,RT Rigged EVMs hurt democracy Sisodia Says AAP Would Attend EC Hackathon And Completely Hack All Machines https t co E12SXp,Arvind Kejriwal,Arvind Kejriwal
152,RT The women in blue make us proud yet again Jhulan Goswami is now the leading wicket taker in Women s ODIs with 181 wickets,digvijaya singh,Shashi Tharoor
153,RT https,Manish Sisodia,Manish Sisodia
154,https t co ye5bIosDSv,Barack Obama,Sharad Pawar
155,Thanks for your wishes Through a reform to transform approach we are committed to building a new India https t co vgb4nyb5hi,Derek O'Brien,Narendra Modi
156,RT Statement from the Congress President Smt Sonia Gandhi on the passing away of Union Minister Shri Anil Madhav Dave https,Arun Jaitley,digvijaya singh
157,This kind of daylight robbery deserves far greater attention KGBasinScam https t co fErjaNPV7X,Salman Anees Soz,Salman Anees Soz
158,Our farmers are the Annadatas When our farmers prosper India will prosper https t co HCgTy5Jg5v,Sharad Pawar,Narendra Modi
159,RT Trump Voter Feels Betrayed By President After Reading 800 Pages Of Queer Feminist Theory https t co TZX9uaANRc,Narendra Modi,Salman Anees Soz
160,Released Narmada Pravah the Mission Work Plan for the river Narmada This is a futuristic document which will interest policy makers,Narendra Modi,Narendra Modi
161,India was sold a biceps triceps foreign policy model Three years down the government desperately needs a protein https t co BX3bMTle4Q,Donald J. Trump,Salman Anees Soz
162,RT rob Like Obamacare Delhi s UHC reforms are being attacked from the right https t co zyZoHx7oSz,Manish Sisodia,Arvind Kejriwal
163,pallavighosh Thanks much,Derek O'Brien,Derek O'Brien
164,RT RealIndia https t co lj3PnXgrUo,Shashi Tharoor,Shashi Tharoor
165,RT In a first of its kind initiative schoolchildren from over 2 000 schools across Delhi will get an opportunity to learn lega,Manish Sisodia,Manish Sisodia
166,RT FakeVideoByBJP is not new Sanghis trying to ignite a communal riots since long by thr FalsePropaga,Derek O'Brien,Derek O'Brien
167,https t co MHGfTxALih,Narendra Modi,Narendra Modi
168,Rupani ji I have often criticized what happened 30 years back But we have to find solutions for the present amp the future,Barack Obama,Salman Anees Soz
169,RT Not just supporters but all particularly those who trusted ModiSarkar must watch share and RT this Facts,Arvind Kejriwal,Salman Anees Soz
170,China earthquake 1 324,Donald J. Trump,KD SINGH
171,http t co m74Jjq2r6i,KD SINGH,KD SINGH
172,Tomorrow in Madhya Pradesh I will be launching the NarmadaSevaMission which will surely have a major impact on MP s ecology,Narendra Modi,Narendra Modi
173,2 2 ISRO,KD SINGH,KD SINGH
174,RT After cleaning out the black money only clean money left Now with Operation Clean Money v will b left with no money C l,digvijaya singh,digvijaya singh
175,Indians in Stockholm Plz note the Emergency number 0768982764 Counsellor 0734262097 StockholmAttack,Sushma Swaraj,Sushma Swaraj
176,3 6 India,Salman Anees Soz,KD SINGH
177,RT 972 2670 https t co zGiv40WvlC,Manish Sisodia,Manish Sisodia
178,RT Those who lack the courage to have a conversation are the cowards conclaveofcourage https t co chTSvUYkPc,Shashi Tharoor,Salman Anees Soz
179,Congrats to chair amp deputy Excited for strong unified party standing for best of our country into the future,Hillary Clinton,Hillary Clinton
180,RT 2 snr sources in EC tell me they were prepared to announce a full no holds barred hackathon today but it was vetoed at t,Arvind Kejriwal,Arvind Kejriwal
181,RT If EC says we won t let you fiddle with the hardware they are admitting EVMs can be tampered,Arvind Kejriwal,Arvind Kejriwal
182,RT I m probably going to get in trouble for revealing this but EVM demo in Delhi Assembly is just the tip of the iceberg,Arvind Kejriwal,Arvind Kejriwal
183,At the Business Standard awards Mumbai March 25 2017 https t co tr9Xe1lpTn,Arun Jaitley,Arun Jaitley
184,Congratulations to Yogi Adityanath KeshavPMaurya amp DineshSharma on being sworn in as the CM amp the Deputy CMs of Uttar Pradesh respectively,Shashi Tharoor,Arun Jaitley
185,RT Ind BJP leadership yet to appoint Lokpal Doubt they will have the political will to take this good initiative forward https,digvijaya singh,digvijaya singh
186,RT EVM https,Arvind Kejriwal,Arvind Kejriwal
187,1 2 36,KD SINGH,KD SINGH
188,Thanks to Pres Johnson amp the entire Wellesley community And congrats to Wellesley s first NCAA crew champions tha https t co 7a0KcB1Hm0,Derek O'Brien,Hillary Clinton
189,RT The right to vote is precious almost sacred It is the most powerful nonviolent tool or instrument we have in a democrat,Donald J. Trump,Hillary Clinton
190,These people are part of the wider Sangh Parivar that rules India We would have filed an FIR against this chap in https t co MeEEqFWzzV,Salman Anees Soz,Omar Abdullah
191,hudhud http t co 0UH9oAn586,KD SINGH,KD SINGH
192,RT Ind Mr Modi what happened to your new found concern for Muslim women You couldn t even get your police to help a Muslim mother,Sushma Swaraj,digvijaya singh
193,In 2017 in India s largest state So called cow vigilantes assault 6 Police defends inaction Police file case agai https t co 6WPBNdcKOw,Arun Jaitley,Salman Anees Soz
194,RT Sad day for our democracy Appears EC wants to cover up any EVM tampering that may have occurred in Punjab UP amp Uttarak,Arvind Kejriwal,Arvind Kejriwal
195,RT Israeli PM Netanyahu praises U S policy changes during meeting with Defense Sec Mattis https t co v2C9oaq3uY,Arun Jaitley,Donald J. Trump
196,RT https t co zh9P6JahQU,Manish Sisodia,digvijaya singh
197,RT At GST meeting I m going to advocate for lower the tax rates more the compliance formula Delhi govt is following this for,Manish Sisodia,Arvind Kejriwal
198,RT When LK Advani lost he raised questions about EVMs why was it correct then and isn t now MLA Naresh Yadav https t co,Arvind Kejriwal,Manish Sisodia
199,RT is one of the best hindi blogger https t co WR2W2e005o,Barack Obama,Arvind Kejriwal
200,RT RealIndia https t co o24PN8AC34,Shashi Tharoor,Shashi Tharoor
201,Every new day seems to bring news of horrific lynchings in India Is this the face of India that we want the world https t co CkjIt462oL,Salman Anees Soz,Salman Anees Soz
202,RT Yesterday fraud did PC with Showd same 2 cheques of AXIS bank,Manish Sisodia,Manish Sisodia
203,http t co pod5aMdFQY,KD SINGH,KD SINGH
204,RT Governor s rule is the next best step for Kashmir The idea of the PDP BJP alliance has failed My column Kashmir https t co,Omar Abdullah,Omar Abdullah
205,150 44,Manish Sisodia,KD SINGH
206,Congratulation Mr Manavaditya Rathore for winning gold in junior men s trap at d 4th Asian Shotgun Championships http t co NVr895hxhj,KD SINGH,KD SINGH
207,Thanks to Isolde Fair amp her classmates for this inspiring song I m with YOU Watch https t co 3Gt7IbcAMn,Derek O'Brien,Hillary Clinton
208,Department of Justice gives lawyers an opportunity to provide legal aid amp help the poor Have a look amp register https t co gyWXEGoN3e,Sushma Swaraj,Narendra Modi
209,RT A retort to s false claims at Kolkata Press Club about Bengal https t co br6ri3Nt4J,Derek O'Brien,Derek O'Brien
210,Pathetic2see the depths2which some will sink2attract TRPs I have nothing to hide from the police amp the courts but nothing to say2such people,Omar Abdullah,Shashi Tharoor
211,RT RealIndia https t co MqlS1J2Rot,Shashi Tharoor,Shashi Tharoor
212,Gurudev Tagore will always be remembered for his powerful thoughts amp contribution to the freedom movement Tributes to him on his Jayanti,Hillary Clinton,Narendra Modi
213,Sir u never provided the machines pl https t co fFYBxBDWl7,Sushma Swaraj,Arvind Kejriwal
214,nan,Manish Sisodia,Sushma Swaraj
215,Greetings to former PM amp leader of farmers Shri HD Deve Gowda ji on his birthday May Almighty bless him with good health amp a long life,Arun Jaitley,Narendra Modi
216,RT REPORT 10 SCANDALS ON DIRECTOR S WATCH https t co dnGY08wTBP,Arvind Kejriwal,Donald J. Trump
217,RT SOUTHASIA https t co n7C8md9qgm URGENT HELP NEEDED MT ROJEAN at Hamayrah Port Indian Seafarers cri,Sushma Swaraj,Sushma Swaraj
218,RT india Excellent Thank you,Derek O'Brien,Sushma Swaraj
219,1 2 5,KD SINGH,KD SINGH
220,RT Finance Minister interview to Yuko Fukushima NHKWorld Indian economy reforms opportunities GST infrastructu,Arun Jaitley,Arun Jaitley
221,Manufacturing openings hires rise to highest levels of the recovery https t co txFZDYYIOe,Sharad Pawar,Donald J. Trump
222,Met with a delegation of Sants and Sadhus to discuss the upcoming mela at Prayag https t co ZaShB63fgS,Akhilesh Yadav,Akhilesh Yadav
223,My interview with BUSINESS TODAY A Desire to Make a Difference https t co eV6mUXkvAr,Akhilesh Yadav,Shashi Tharoor
224,Inspired by the ideals of Swami Pranavananda BSS has been a wonderful combination of Seva amp Shram It has positively impacted many lives,Narendra Modi,Narendra Modi
225,If you re studying global health or just want to feed your inner wonk check out my wonderful daughter amp https t co 30VA9xJxNd,Hillary Clinton,Hillary Clinton
226,https t co vx1VX8d99x,Barack Obama,Akhilesh Yadav
227,Why should cricket bear the burden of India s strained relations with Pakistan i ask LokendraPSahi of https t co o1RpepWmAC,Akhilesh Yadav,Shashi Tharoor
228,Who is the PDP trying to fool here Itself or the people Amit Shah Ram Madhav amp the AG in the Supreme Court no l https t co oZ3ZJxLEoI,Barack Obama,Omar Abdullah
229,The aggressive domination amp readiness of troops for befitting response to any misadventure by enemy is very satisfying,Arun Jaitley,Arun Jaitley
230,Rise amp Shine Sunday listening Adele cover of a Bob Dylan love song Enjoy https t co yYJJhAJQxg,Derek O'Brien,Derek O'Brien
231,1 2 55 GangRape,KD SINGH,KD SINGH
232,On the sidelines of Group Annual Meetings I shall meet some of the distinguished delegates who will be taking part in AfDBAM2017,Narendra Modi,Narendra Modi
233,RT Dec 2016 Sherawat got media limelight by showing fake 35Cr cheque May 2017 again got limelight showing s,Arun Jaitley,Manish Sisodia
234,RT Ahuja URGENT HELP NEEDED FOR MY SISTER IN DALLAS TX Cheated and stranded alone by her husband Undergo,Sushma Swaraj,Sushma Swaraj
235,RT As per data 35 farmers kill themselves everyday Any more speeches to give while the poor die Mr PM 3yearsFarmersInTears T,digvijaya singh,digvijaya singh
236,RT Amid of controversies Kejriwal govt set to issue tender of 100Cr for 12 000 CCTV cameras next week to be installed in 3 80,Manish Sisodia,Manish Sisodia
237,Melania and I were honored to welcome Argentina President and First Lady Juliana Awada to t https t co gR3EPznu1H,Donald J. Trump,Donald J. Trump
238,RT Can t expect anything better from anyone closely related to the RSS Not shocking anymore https t co OCvhCHdSAk,Manish Sisodia,digvijaya singh
239,RT Thank for exposing how democracy was murdered Like mature democracies paper ballot is the only way to,Manish Sisodia,Arvind Kejriwal
240,The American Bar Association gave Judge Garland its highest rating Senate leaders DoYourJob and fill the SCOTUS https t co iTVTqGIUvV,Barack Obama,Barack Obama
241,RT Edu This interaction at summer camp by IIITD students 4 Delhi Gov School Kids makes me optimistic for India s future 2 3 http,Manish Sisodia,Manish Sisodia
242,RT Keep yourself free tomorrow 2pm onwards Tune in to Delhi assembly live telecast on Website and FB It ll be interesting to,Hillary Clinton,Arvind Kejriwal
243,RT Are Kapil Mishra s allegations amp LG s hostility part of a BJP conspiracy https t co VLKlWRZDkh,Arvind Kejriwal,Arvind Kejriwal
244,RT pac Asli ko hack karoge to jail bhej denge nakli par bharosa nahi because it s a look alike says EC,Arvind Kejriwal,Arvind Kejriwal
245,Have been tweeting short excerpts from a recent dialogue in SriLanka w Here s the whole conversation https t co ubi46pFc2V,Shashi Tharoor,Shashi Tharoor
246,Strongly welcome the ICJ stay on Kulbushan Jadhav s execution Entire country is united in ensuring his safe release https t co yjzlCTkcbQ,Barack Obama,Arvind Kejriwal
247,Your ideas can also be shared on the MyGov forum or by recording your message by dialling 1800 11 7800 https t co WThDot9kVR,Barack Obama,Narendra Modi
248,A warning Our founding ideals are up for grabs Do read https t co ucSzvqLLkX,Akhilesh Yadav,Salman Anees Soz
249,It is a very fortunate coincidence that this year I received both Rajarshi Shahu Puraskar and LokmanyaTilak Sanman,Donald J. Trump,Sharad Pawar
250,Thanks a lot for your good wishes https t co o1OLgOjC0T,Derek O'Brien,Narendra Modi
251,Appreciated the efforts of Sri Lanka to preserve some of the most important elements of Buddhist heritage https t co Xyvj5Ddgdb,Narendra Modi,Narendra Modi
252,Remembering visionary leader Bharatratna Rajiv Gandhi on his death anniversary https t co 8TRW9N6RFv,Sharad Pawar,Sharad Pawar
253,The positive impact of Obamacare is undeniable but there s one big factor holding many states back https t co 7XebIdRX34,Barack Obama,Barack Obama
254,Senate leaders are putting politics above their basic responsibility to hold a hearing for Judge Garland DoYourJob https t co N7vH2ncwmb,Barack Obama,Barack Obama
255,Thanks also to Mr Chris Weng Country Head Alibaba India amp Kotak Crosswords for the social initiative Educatin https t co 2nrJfD49DH,Derek O'Brien,Sharad Pawar
256,I look forward to working closely with President elect to further strengthen India France ties,Arun Jaitley,Narendra Modi
257,RT Absurd conviction of Jakarta governor should be wake up call for Indonesia to repeal blasphemy law https t co udwYP3x,Shashi Tharoor,Salman Anees Soz
258,With all of the illegal acts that took place in the Clinton campaign amp Obama Administration there was never a special counsel appointed,Donald J. Trump,Donald J. Trump
259,nan,Manish Sisodia,Akhilesh Yadav
260,nan,Manish Sisodia,Akhilesh Yadav
261,RT Now there r 113 Fair Price Medicine Shops in Bengal that offer discount up to 72 HealthReformsInBengal,Derek O'Brien,Derek O'Brien
262,Today along with Mr Ratan Tata amp Tata Trust we have launched an electronic point of supply machine ePOS scheme a https t co 3PKiN5folz,Akhilesh Yadav,Akhilesh Yadav
263,Don t worry Kaif we all support you forget about those who troll you They deserve Royal Ignore,Hillary Clinton,digvijaya singh
264,RT https t co PpiNHJW0Ce,Manish Sisodia,digvijaya singh
265,RT balan Check out my recent interview with https t co AHEH8mfiHm,Barack Obama,Akhilesh Yadav
266,an appeal for our country to be more helpful to the physically challenged https t co Muc3nq6CTt,Hillary Clinton,Shashi Tharoor
267,RT Barkati not a member His speeches r of his own personal opinion How is responsible 4 hi,Shashi Tharoor,Derek O'Brien
268,All the best to on its 2 year anniversary JKRturns2,Donald J. Trump,Salman Anees Soz
269,RT Watch as speaks on the progress made to ensure every student has the opportunity to realize their potential https t c,Barack Obama,Barack Obama
270,Londoners who missed 1st round of my IngloriousEmpire book tour can catch me at 21May amp at Waterstone s 22nd https t co bXg3SayHDs,Shashi Tharoor,Shashi Tharoor
271,RT EC CEO release,Manish Sisodia,Manish Sisodia
272,LIVE President Obama is speaking at the 2016 Our Ocean Conference https t co ALK46jhUpw OurOcean,Barack Obama,Barack Obama
273,allegations of unmasking Trump transition officials Not good,KD SINGH,Donald J. Trump
274,Mourn the demise of passengers in the tragic PatnaIndoreExpress accident,Sharad Pawar,Sharad Pawar
275,RT 2 lacs engineers unemployed every year https t co vY0EyTIjNw,Manish Sisodia,Manish Sisodia
276,The historic occasion has been made better with a surprise we have leaders of South Asian nations joining us in celebrating this launch,Barack Obama,Narendra Modi
277,1 4 JammuKashmir,KD SINGH,KD SINGH
278,music Sunday listening Poignant lyrics Mariah Carey amp Boyz II Men I know you are shining down on me from heaven https t co Y8AbhrFwRi,Derek O'Brien,Derek O'Brien
279,Congratulation PatrickModiano nobelprize2014,KD SINGH,KD SINGH
280,RT 3Failed,Manish Sisodia,digvijaya singh
281,RT That is an incitement to violence Probably actionable criminally https t co hySdkiLf3K,Omar Abdullah,Salman Anees Soz
282,Javed Plz keep the Chief Minister Odisha informed about this Odisha,Sushma Swaraj,Sushma Swaraj
283,RT The one right we do have is our vote Let s vote for those who recognize amp respect our rights https t co grFwRcOReL,Hillary Clinton,Salman Anees Soz
284,RT AAP For the first time in India LIVE Demo of EVM tampering See for yourself Share with everyone WeChallengeEC https,Arvind Kejriwal,Arvind Kejriwal
285,Chairing the G20 Apex Council meeting Delhi March 6 2017 https t co 3cxGZ6ATHe,Arun Jaitley,Arun Jaitley
286,1 2,KD SINGH,Arvind Kejriwal
287,RT Exclusive 2 https t co QekFo,Manish Sisodia,Manish Sisodia
288,RT,Manish Sisodia,digvijaya singh
289,RT London Finance Minister attending roundtable with prospective issuers leading investors and fintech leaders,Arun Jaitley,Arun Jaitley
290,Left Bahrain after a packed day2fly2Boston for 24hrs to pitch Trivandrum here https t co cZqqWvTyGf then2London https t co btL2mz4LHy,Shashi Tharoor,Shashi Tharoor
291,The buzz in the secretariat is that is appointing a new advisor in the next 24 36 hours,Barack Obama,Omar Abdullah
292,RT Breaking 70S EVM AAP 2,Arvind Kejriwal,Manish Sisodia
293,Delhi launch of Sethu s novel about Kerala Jews Aliyah w a lively conversation conducted by https t co FYqXKLv1m3,Shashi Tharoor,Shashi Tharoor
294,Kashmir Is A Prison With Three Walls Do read this terrific piece by https t co ktja4fWkXC,Salman Anees Soz,Salman Anees Soz
295,Tribute to savitribaiphule She courageously brought about a revolution of WomenEducation in India https t co xfB9nDHoJC,Sharad Pawar,Sharad Pawar
296,Despite major outside money FAKE media support and eleven Republican candidates BIG R win with runoff in Georgia Glad to be of help,Donald J. Trump,Donald J. Trump
297,RT Legacy of British Raj is still holding India back it s time to see British rule in India as horror it really was https,Shashi Tharoor,Shashi Tharoor
298,No matter how many times I watch this video it never stops being clever https t co nZkenH7zcd,Derek O'Brien,Omar Abdullah
299,RT INC RealIndia https t co z7Wqb3ejkC,Shashi Tharoor,Shashi Tharoor
300,RT Two Muslim Teenagers Killed in India Over Accusation of Cow Theft https t co UgthLVV4TJ,Omar Abdullah,Salman Anees Soz
301,50 http t co qK8FzQ8YUD,KD SINGH,KD SINGH
302,RT The Valley has found an answer to the blocking of messaging sites VPN My 8 year old nephew is a master in bypassing the b,Omar Abdullah,Omar Abdullah
303,UP 100 the worlds largest 24 7 emergency service is now active and will enable the police to reach the complainan https t co poJEu1ZP9m,Barack Obama,Akhilesh Yadav
304,RT As advised on phone just now please keep us updated on your court case,Sushma Swaraj,Sushma Swaraj
305,Thanks so much Didn t know I was being watched,Derek O'Brien,Derek O'Brien
306,Renewed my membership in the company of my booth committee amp ward mandalam Block Presidents Party ready https t co VkPPnwUPII,Akhilesh Yadav,Shashi Tharoor
307,RT Betterment of our people can happen through fruitful engagement PM Sheikh Hasina,Narendra Modi,Narendra Modi
308,for help,Sushma Swaraj,Sushma Swaraj
309,RT Ind Modi ji is yet to condemn killing of Akhlaq whose son was in Airforce But Mahesh Sharma did pay tribute to Akhlaq s killer,digvijaya singh,digvijaya singh
310,2 2 Ebola Ebola,KD SINGH,KD SINGH
311,RT IFS passport nt an issue bt exit is Any Indi,Sushma Swaraj,Sushma Swaraj
312,RT vns,digvijaya singh,digvijaya singh
313,The trusts would bear their entire educational expenses 2 2 https t co vqJupLLCev,Manish Sisodia,Sharad Pawar
314,The four week average of jobless claims fell to the lowest level since 1973 a sign of a healthy labor market https t co Lv7DnRM2DY,Sharad Pawar,Barack Obama
315,Master of Sarod http t co ogDhIoUsSa,KD SINGH,KD SINGH
316,Rajya Sabha passed the GST legislations today paving way for GST implementation Once again congratulations to every stakeholder,Derek O'Brien,Arun Jaitley
317,RT Afternoon AAP alleges EC for EVM tampering Evening Income Tax alleges AAP for accounts book tampering,Arvind Kejriwal,Arvind Kejriwal
318,This is a good question for Prof Bhagwati What was he thinking Why would a man of his reputation write such drea https t co hSPCI22PjP,Salman Anees Soz,Salman Anees Soz
319,Friday night If you are not out partying here s a senti song about lost love https t co MMqcbgyIGx,Derek O'Brien,Derek O'Brien
320,RT And while we have your attention from recycled false claims here are some facts about how has improved li,Barack Obama,Hillary Clinton
321,God is kind https t co 51TPlvQs9I,Barack Obama,Derek O'Brien
322,The path to sabka saath sabka vikas is paved with authoritarianism says IN Do read https t co f7gVTlO1me,digvijaya singh,Salman Anees Soz
323,Lilly Singh Please contact Mr Indian High Commissioner in Canada Let me see what best can we do for you,Sushma Swaraj,Sushma Swaraj
324,And also to the administrative machinery for their untiring efforts in bringing normalcy at all the locations 4 5,Sharad Pawar,Sharad Pawar
325,Insurance companies are fleeing ObamaCare it is dead Our healthcare plan will lower premiums amp deductibles and be great healthcare,Donald J. Trump,Donald J. Trump
326,My name is Bond Uncle Bond Called to wish him on his land line Doesn t carry a mobile phone https t co 7Od8BeGpR0,Sharad Pawar,Derek O'Brien
327,After 5 SB victories since 2002 it was my honor to give Bob Kraft Coach Belichick and the players their first to https t co UZPKjqoGZY,Donald J. Trump,Donald J. Trump
328,RT mam our 3 freinds are missing in bhutan plz help Dhendup Tshering tour guy 975 17608125 335336,Sushma Swaraj,Sushma Swaraj
329,At the meeting of SP MLAs and MLCs Samajwadi Party headquarters Lucknow https t co WXYmN5Px8T,Akhilesh Yadav,Akhilesh Yadav
330,RT 2 2 Without even appearing to see the contradiction,Narendra Modi,Salman Anees Soz
331,Laid the foundation stone for 11 district level centralised kitchens operated by Akshaya Patra They will serve mid https t co Yc8tYctfIE,Akhilesh Yadav,Akhilesh Yadav
332,Sad that EC has backed out of hackathon,Arvind Kejriwal,Arvind Kejriwal
333,Rise amp Shine Parliament resumes 23 match days remain Pitch will take bounce amp turn after March 11,Derek O'Brien,Derek O'Brien
334,Yes Such healthy competition between cities for becoming cleaner augurs well for the nation SwachhSurvekshan2017 https t co h8lfByWAma,Narendra Modi,Narendra Modi
335,RT Telangana Both the Union ministers and VKSingh have proved time and again that help for an NRI is just a twee,Sushma Swaraj,Sushma Swaraj
336,Inaugurated a hospital complex in Dickoya The hospital has state of the art facilities that will cater to healthca https t co fh3nTZQZLg,Akhilesh Yadav,Narendra Modi
337,The Act of killing amp mutilating the bodies of two of our soldiers is the most reprehensible amp barbaric The sacrifice will not go in vain,Arvind Kejriwal,Arun Jaitley
338,RT,Manish Sisodia,Manish Sisodia
339,http t co KVMrAOb9IG,KD SINGH,KD SINGH
340,Question and Answer session at the India Today event https t co Db5jJItw38,Akhilesh Yadav,Akhilesh Yadav
341,RT Ind Have taken up this case legally UP Police must act more strongly against perpetrators not victimise the victims Govt must,digvijaya singh,digvijaya singh
342,China just agreed that the U S will be allowed to sell beef and other major products into China once again This is REAL news,Donald J. Trump,Donald J. Trump
343,How Kerala sets an example to the rest of India https t co M1cZIWsOZH,Shashi Tharoor,Shashi Tharoor
344,Untill there is total social transformation 2 2,KD SINGH,Sharad Pawar
345,RT 1 Bizarre that many Muslims who cry about Islamophobia in the West will hound Ahmadis or discriminate against them ht,Omar Abdullah,Salman Anees Soz
346,RT SOUTHASIA Rest are safe and housed on board other vessels in Hamriya Port We are closely monitoring the,Narendra Modi,Sushma Swaraj
347,Intensive monitoring amp inspection of grossly polluting industries has led to improvement in water quality of some tributaries of the Ganga,Arvind Kejriwal,Narendra Modi
348,1 3 Ebola Health http t co OorOnMAyfM,KD SINGH,KD SINGH
349,Addressing the Naval Commanders Conference New Delhi May 2 2017 https t co ekwOiFvwEw,Arun Jaitley,Arun Jaitley
350,Today s events https t co AoSMvwRwl3,Akhilesh Yadav,Akhilesh Yadav
351,RT twts and convey d problem requirement We assured to Mr Jayant that we would extend a,Sushma Swaraj,Sushma Swaraj
352,That the militants kidnapped an army officer amp murdered him shows a new mindset devoid of fear of retribution reven https t co P60waosH3T,Omar Abdullah,Omar Abdullah
353,Launch of SouthAsiaSatellite is a historic occasion for all of us amp would herald a new era of cooperation in South Asia,Arun Jaitley,Arun Jaitley
354,Truly Mahatma Gandhi s thoughts are relevant in current context across the Globe,digvijaya singh,Sharad Pawar
355,After speaking with our election candidates we conclude that BJP made false promises and polarised the vote with c https t co xxst6Eb55O,Hillary Clinton,Akhilesh Yadav
356,Here is 100 ripping apart an propaganda piece on UP electricity under Adity https t co ZaXJtxG7Wo,Salman Anees Soz,Salman Anees Soz
357,After thirty years in Congress Senator this should not be your proudest accomplishment https t co FwGAJsBCoo https t co 86F1fhUWsp,Salman Anees Soz,Barack Obama
358,You can vote for a hopeful inclusive big hearted vision for America Hillary https t co jfd3CXLD1s https t co JJcIfaLSSf,Hillary Clinton,Hillary Clinton
359,RT https t co CHM9OE7nke,Manish Sisodia,Salman Anees Soz
360,Lauded Dr amp for their emphasis on social entrepreneurship https t co 35s4P378Sn https t co CVb5aj3j5U,Arun Jaitley,Narendra Modi
361,RT I look forward to working closely with President elect to further strengthen India France ties,Arun Jaitley,Sushma Swaraj
362,nan,Manish Sisodia,Sushma Swaraj
363,RT m2m New IIP series shows severe impact of demonetisation on manufacturing sector https t co ya0FzekAA4 by Manas Chakravarty,Salman Anees Soz,Salman Anees Soz
364,Had a very good meeting with rt His life journey amp accomplishments make every Indian proud amp inspire 1 25 https t co ZHE6XV1SVv,Arun Jaitley,Narendra Modi
365,Press conference after today s cabinet meeting https t co hh1jxhNCb8,Arun Jaitley,Akhilesh Yadav
366,Speaking for on Wednesday afternoon on GST but Tuesday night it s time for a mushy song Why not https t co mI9VrsMpgf,Derek O'Brien,Derek O'Brien
367,RT vns,digvijaya singh,digvijaya singh
368,I am happy to inform that 10 Indian nationals working as crew on MV AL Kausar which was hijacked by pirates have been rescued 1,Sushma Swaraj,Sushma Swaraj
369,Addressing gathering mainly of rural women in Kulathoor about development programmes Told them vikas was about br https t co PIFnpqjlzc,Arun Jaitley,Shashi Tharoor
370,RT Everyday 35 farmers are committing suicide because the Govt has forsaken them Bluff9 Tikdam9 https t co A4who2cp3b,digvijaya singh,digvijaya singh
371,NarmadaSevaYatra NarmadaSevaMission https t co jPCdG3HrUS,Narendra Modi,Narendra Modi
372,Failing which has been calling me wrong for two years just got caught in a big lie concerning New England Patriots visit to W H,Donald J. Trump,Donald J. Trump
373,nan,Manish Sisodia,Arvind Kejriwal
374,On Day One my colleagues in LS set example on how to be a responsible Opposition in Parliament 4 speakers raise 3 issues,Derek O'Brien,Derek O'Brien
375,Addressing the Business Session at the 50th Annual Meeting of the Board of Governors of the ADB Yokohama May 6 2 https t co 6DhQTDrg8H,Arun Jaitley,Arun Jaitley
376,RT Kudos to Government of India and PM for launch of South Asia Satellite Thank you for gifting it to all S,Narendra Modi,Narendra Modi
377,Am glad that Hon ble CJI s appeal to the judiciary to take up hearings during vacations has yielded very positive amp encouraging results,Arun Jaitley,Narendra Modi
378,With the Rani Laxmi Bai awardees https t co sLxaMQtFJL,Akhilesh Yadav,Akhilesh Yadav
379,RT Yesterday shown same cheque which was showed six months back by Sehrawat Sehrawat deleted,Manish Sisodia,Manish Sisodia
380,Thanks,Derek O'Brien,Derek O'Brien
381,Vote for an America where we build bridges not walls Together let s prove that love trumps hate https t co ZCV69HA6gp,Hillary Clinton,Hillary Clinton
382,I am happy to inform about the release of two Indian nationals Midhun and Edward who were abducted in South Sudan https t co ZCmxtcsFdw,Sushma Swaraj,Sushma Swaraj
383,3 6 NCRB 2009 2013 HumanTrafficking,KD SINGH,KD SINGH
384,https t co tAKjD6gIWO,Barack Obama,digvijaya singh
385,Exciting to see the grassroots army that is organizing to help expand the map in 2018 Learn more here https t co Of4RhkY82u,Omar Abdullah,Hillary Clinton
386,Congrats to Sh Trivendra Singh Rawat on being sworn in as CM of Uttarakhand I wish him amp his team the very best in the service of people,Sharad Pawar,Arun Jaitley
387,I m here today to honor our democracy amp its enduring values I will never stop believing in our country amp its future Inauguration,Hillary Clinton,Hillary Clinton
388,Senate leaders need to work for the good of the American people not seek out political points https t co Tdx3xk6gYi,Barack Obama,Barack Obama
389,This is your legacy Your 5 of the people have brought J amp K back to the early 90 s yet shamelessly https t co EhWonsBe9x,Omar Abdullah,Omar Abdullah
390,RT India is greater than the sum total of its parts RealIndia https t co LsdTFRGWel,Shashi Tharoor,Shashi Tharoor
391,Holi celebration at my residence HappyHoli https t co PKTBYj0jX8,Akhilesh Yadav,Arun Jaitley
392,Our children and grandchildren will look back at the choice we make on Tuesday Let s make them proud https t co c6mG8OZ1yr,Barack Obama,Hillary Clinton
393,Any time you are ready give it your best shot though you might want to find the you know whats to tweet using your https t co JfJXOyvzvk,Hillary Clinton,Omar Abdullah
394,4 4,KD SINGH,KD SINGH
395,RT Development must be citizen centric Today s development is child centred and women centred it makes governance accessible,Akhilesh Yadav,Narendra Modi
396,RT You should answer this one https t co DOeQRFTII6,Hillary Clinton,Manish Sisodia
397,pallavighosh Agree with Vir Ignore trolls,KD SINGH,Derek O'Brien
398,RT RSS will hold its annual review meeting in Jammu looking to send out a message to separatists https t co v0p5UBQ8K3,Shashi Tharoor,Omar Abdullah
399,RT India Breakingnews hc order is seen as a win for womenofAmethi as BJP govt was trying to shut the centre in Amethi https t,digvijaya singh,digvijaya singh
400,Congratulations to South Asian countries their citizens amp scientists on successful launch of the first ever SouthAsiaSatellite,Narendra Modi,Arun Jaitley
401,RT Investigation still under process Exact time frame will be known on completion Consulate mon,Derek O'Brien,Sushma Swaraj
402,RT Monitor Forces cordon Shopian village people stage protest operation called off By Agencies https t co mfiEFKVd7U,Omar Abdullah,Omar Abdullah
403,RT IFS In gulf countries majority of Indians ar,Sushma Swaraj,Sushma Swaraj
404,On the road in Sri Lanka overwhelmed https t co 0j7dZDk1op,Narendra Modi,Narendra Modi
405,Meeting with Finance Minister of Indonesia Sri Mulyani Indrawati in Washington https t co LsnjmH9rOp,Arun Jaitley,Arun Jaitley
406,This year hasn t been wh https t co vw8Pumtwls,digvijaya singh,Hillary Clinton
407,Inaugurated and laid foundation of many power projects in Etah district including the 2X660 megawatt Jawaharpur th https t co kVZtufJ5Ni,Akhilesh Yadav,Akhilesh Yadav
408,RT cus People being beaten amp murdered across several BJP states Not a whisper of Jungle Raj Forget make in India we are not eve,Salman Anees Soz,Salman Anees Soz
409,RT mam mera bhai mohammad wasim malaysian penjara kajang jail mai hai pass no k6083819 plz help us agent ne frod,Sushma Swaraj,Sushma Swaraj
410,Vice President Biden speaks on the dangerous precedent Senate leaders are setting by refusing to do their jobs https t co W1A7Oyb4gB,Barack Obama,Barack Obama
411,is a discerningly experienced journalist with a positive social vision 3 4,Sharad Pawar,Sharad Pawar
412,We are coordinating with the investigative agencies They have got the CCTV footage and are in the process of apprehending the culprits 4,Barack Obama,Sushma Swaraj
413,Laptops distributed to Balrampur toppers Anjani Ekta Soumya along with other meritorious students Around 18L laptops distributed in UP,Akhilesh Yadav,Akhilesh Yadav
414,After the incident in Ramjas college Delhi GurmeherKaur is repeatedly being threatened for propagating peace 1 3,Manish Sisodia,Sharad Pawar
415,RT Arvind Kejriwal amp MS Sisodia meets the children affected by gas leak outside Rani Jhansi School amp makes sure emergency reliefs,Arvind Kejriwal,Manish Sisodia
416,1 2 Rape http t co HzuLR09xdl,KD SINGH,KD SINGH
417,RT Good to see this letter say the same thing I have been saying after Bhind episode technically EVMs CAN be tampered https,Arvind Kejriwal,Arvind Kejriwal
418,I compliment my team of officers in the MEA for their tireless efforts and hard work,Narendra Modi,Sushma Swaraj
419,RT London Finance Minister opened the market at London Stock Exchange on February 27 2017 IndiaUK,Arun Jaitley,Arun Jaitley
420,Warm birthday greetings to Smt ji Chief Minister of Rajasthan May God bless her with a long healthy amp successful life,Arun Jaitley,Arun Jaitley
421,RT Sardar Patel also wanted the ban on RSS to stay forever Remember https t co KF4VOg3VkV,Barack Obama,digvijaya singh
422,Dr Homi Bhabha Scholarship of Rs 50 thousand for secondary school students 4 6,Sharad Pawar,Sharad Pawar
423,If there is a worse advertisement on TV than Chris Gayle s women want me to be a bad boy one then I haven t seen it yet,Donald J. Trump,Omar Abdullah
424,But this fight isn t over yet and we can t forget who it s about Here are some stories,Barack Obama,Hillary Clinton
425,On the eve of Internationaldayforeliminationofviolenceagainstwomen come amp join hand wid KDSinghFoundation to create a safe society 4 Women,digvijaya singh,KD SINGH
426,RT Muscat Thank you all I have received my replacemnet passport great,Sushma Swaraj,Sushma Swaraj
427,General Flynn was given the highest security clearance by the Obama Administration but the Fake News seldom likes talking about that,Barack Obama,Donald J. Trump
428,As we move forward the crowds cheers get louder and louder Thank you for your support at all our rallies https t co 3oMhr076gL,Akhilesh Yadav,Akhilesh Yadav
429,At the launch of India UK Financial Partnership April 4 2017 https t co EXtOrVOp1e,Arun Jaitley,Arun Jaitley
430,Progress in sectors including renewable energy rural housing LED bulbs is gladdening Over 2 crore people benefited from Ujjwala Yojana,Narendra Modi,Narendra Modi
431,RT Cuttack Odisha 2 Units A ve blood urgent need at SCB Hospital Apr 29 Pls Call 8658459191,Derek O'Brien,Derek O'Brien
432,2 2 3,KD SINGH,KD SINGH
433,Very sad 2 hear of barbaric mutilation of 2 soldiers at the border amp despicable attack that killed 5 police amp 2 J amp K bank officers in Kulgam,Omar Abdullah,Salman Anees Soz
434,Addressing a gathering of police officers during IPS Week UP100 our 24 7 emergency response service will be exten https t co JNNLQbcg4c,Arun Jaitley,Akhilesh Yadav
435,RT Another milestone for Passport Seva today Gwaliar Hisar Pimpri Chinchwad and Zunjhunu became partofNationalPassportGrid Eas,Sushma Swaraj,Sushma Swaraj
436,RT All 182 plants mentioned in the Ramayan exist hence R is true So the Beech tree at the banks of Black Lake proves Hogwarts,Salman Anees Soz,Salman Anees Soz
437,singh However in this case that argument falls flat because these recent burnings were because the schools https t co 1WmUPTGLWm,Manish Sisodia,Omar Abdullah
438,I have great confidence that China will properly deal with North Korea If they are unable to do so the U S with its allies will U S A,Donald J. Trump,Donald J. Trump
439,There has never been a more qualified nominee Senate leaders He deserves a fair hearing and a vote DoYourJob https t co qtzcY3iwyl,Barack Obama,Barack Obama
440,is training diverse Democratic women candidates and th https t co 4NT9dHwmyA,Arvind Kejriwal,Hillary Clinton
441,Hosted reception for the Defence investiture awardees March 21 2017 https t co qjSSJZ9mzw,Arun Jaitley,Arun Jaitley
442,I burst out laughing when I saw this video this morning Hope it brightens your day https t co CEcdoaQUuC,Salman Anees Soz,Hillary Clinton
443,I have asked for a report from Government of Gujarat,Sushma Swaraj,Sushma Swaraj
444,High tea this evening with Her Excellency Dr Ameenah Gurib Fakim President of Mauritius https t co gIpdTTsTW0,Sushma Swaraj,Akhilesh Yadav
445,I missed this piece by Brijesh Kalappa a decent man abused by Arnab Goswami a truly insecure character Do read https t co ygrn0Ox53U,Salman Anees Soz,Salman Anees Soz
446,Hope Not Fear Indeed And what a beautiful piece by Louisa Cannell womensmarch https t co 7h3Bzx79nB,Salman Anees Soz,Hillary Clinton
447,RT india https t co 3Cr4y1uZWW,Salman Anees Soz,Sushma Swaraj
448,RT ISRO team has led from the front in developing the South Asia Satellite as per the regions requirements and flawlessly launc,Narendra Modi,Narendra Modi
449,Has any journalist with such a strong bias ever succeeded Would his journalism be fair and impartial Come on Arnab Nation wants to know,Sharad Pawar,digvijaya singh
450,Dear yr govt in the centre wants SC to adjudicate on nikah amp halal As CM of only Muslim majority st https t co v1q8PJ24WN,Omar Abdullah,Omar Abdullah
451,Briefing media on the decisions of the Cabinet April 19 2017 https t co xMIhFqiwYF,Arun Jaitley,Arun Jaitley
452,nan,Manish Sisodia,KD SINGH
453,RT Monitor Ban on channels Wary cable operators refuse to obey diktat By Firdous Hassan https t co TcKI0oxuWt,Salman Anees Soz,Omar Abdullah
454,nan,Manish Sisodia,digvijaya singh
455,4 6 http t co 7fw3ykNs1L,KD SINGH,KD SINGH
456,RT Another innovative step taken by Delhi govt in the field of education https t co TVwxQAwzju,Manish Sisodia,Manish Sisodia
457,RT President Pledges Commitment to Regional Prosperity during the Commemoration of South Asia Satellite Launch https t co,Narendra Modi,Narendra Modi
458,Noida MissingAbhinav http t co qzqZwrzePg,KD SINGH,KD SINGH
459,Video and transcript of what I said in Parliament on Monday https t co Y9f50ra4MC,Derek O'Brien,Derek O'Brien
460,Judge Garland is just as qualified now as he was in 1997 Senate leaders It s time to DoYourJob https t co j1lEkdMYV6,Barack Obama,Barack Obama
461,Lions and Tiggers and bears Oh my HappyHalloween https t co iU4fjBhi0Y,Sharad Pawar,Barack Obama
462,2 3,KD SINGH,KD SINGH
463,Enjoyed the interaction with on Off the Cuff 1 2 https t co 5Dm1FGMprn,Akhilesh Yadav,Sharad Pawar
464,Last week more than 190 countries reached a landmark deal to reduce carbon pollution from aviation https t co LRYkXVw3rO ActOnClimate,Barack Obama,Barack Obama
465,RT Contacted your brother He says he is returning to New Delhi today,Manish Sisodia,Sushma Swaraj
466,I don t know,KD SINGH,Derek O'Brien
467,RT Nobody should be priced out of a higher education on the progress we ve made https t co 4YohVv7Qea https t,Barack Obama,Barack Obama
468,RT,Manish Sisodia,Manish Sisodia
469,RT JUST IN Delhi court orders sealing of EVMs amp all documents of MCD ward 70S where candidate lost by 2 vo,Arvind Kejriwal,Arvind Kejriwal
470,A great honor to host the Champion New England at the White House today Congratulations https t co tQ5XEPaIxn,Donald J. Trump,Donald J. Trump
471,I am not going to let anybody rip up the progress that we ve made Hillary https t co 8wuWIUfBst,Hillary Clinton,Hillary Clinton
472,This election is on us it is in our hands If we get out and vote tomorrow Hillary Clinton will win https t co jfd3CXLD1s,Hillary Clinton,Hillary Clinton
473,RT Ahuja Our officer Ms Monika Chawla has established contact with Ms Neha Ahuja She is being helped,Sushma Swaraj,Sushma Swaraj
474,Thank you It was a dream and a commitment which India has adhered to https t co SguCEJSr0s,digvijaya singh,Narendra Modi
475,RT ThreeYearsOfModi 3YearsFarmersInTears https t co uytg2SmvDd,digvijaya singh,digvijaya singh
476,Our economy is on a better stronger course https t co yzB6x7CExJ,Barack Obama,Barack Obama
477,RT Perfect amp Simple Commentary of the Present Situation h t https t co 9m1FHPsX3I,Omar Abdullah,digvijaya singh
478,RT Another AAP MLA comes clean from court in the fake cases filed by Delhi police This FIR was filed while Bassi was CP Delh,Arvind Kejriwal,Manish Sisodia
479,We re launching Onward Together to encourage people to get involved organize and even run for office https t co 8exooosvZ5,Barack Obama,Hillary Clinton
480,Ex World Bank Chief Economist argues Demonetisation reduced growth by 1 5 percentage points mustread https t co 4foXISQAuo,Salman Anees Soz,Salman Anees Soz
481,RT President Obama answers Slate s questions about his administration s new rule extending paid sick leave https t co 8AdEx431QN,Barack Obama,Barack Obama
482,RT President Trump to sign an executive order on religious liberty today the National Day of Prayer https,Donald J. Trump,Donald J. Trump
483,If our healthcare plan is approved you will see real healthcare and premiums will start tumbling down ObamaCare is in a death spiral,Donald J. Trump,Donald J. Trump
484,Congratulations to people of Delhi Karyakartas amp supporters for the emphatic victory of BJP in the MCDelections2017,Arun Jaitley,Arun Jaitley
485,The first bicycle highway of India inaugurated at Lion Safari today with 150 riders of international amp national rep https t co 81vq2tt3OK,Akhilesh Yadav,Akhilesh Yadav
486,In his image Must read I totally endorse the views of the writer Shashi is being hounded by Sanghis https t co S5oKRL3p2w,Shashi Tharoor,digvijaya singh
487,Addressing media on the 14th meeting of GST Council in Srinagar May 19 2017 https t co PUJIsA87SZ,Arun Jaitley,Arun Jaitley
488,Released a two part book series on the eminent agricultural scientist Dr MS Swaminathan Sharing my speech https t co fO8ueaxL24,Sharad Pawar,Narendra Modi
489,RT We have spoken to Josh victim of failed mugging Now well Our Hon Cons in Lithuania,Sushma Swaraj,Sushma Swaraj
490,RT Thank you so much for your reply My father is doing better thus my urgency to come to India has been reduced,digvijaya singh,Sushma Swaraj
491,RT In FL over 1 million Latino voters have cast ballots early approximately doubled from 2012 Amazing,Hillary Clinton,Hillary Clinton
492,Very sad May his soul rest in peace My condolences to Anil Dave Sahib s family https t co L7INVxKnQb,Omar Abdullah,Omar Abdullah
493,RT This launch is an example of India s neighbour first policy President Abdulla Yameen,Narendra Modi,Narendra Modi
494,https t co xYiiOmKv4K,Barack Obama,Akhilesh Yadav
495,RT So was the Entire Kapil Mishra episode planned by BJP to divert and stop AAP from today s EVM Expose in Delhi Assembly,Arvind Kejriwal,Arvind Kejriwal
496,RT When Kapil blames Kejri he is not diverting attention from his sacking When Kejri blames EVM flaws he is diverting atte,Arvind Kejriwal,Arvind Kejriwal
497,RT Spring snuffs claim over calm summer My sense of the scale of anger and rejection in Kashmir the denial in govt https,Omar Abdullah,Omar Abdullah
498,RT Kolkata AB ve blood donors urgent at PG Hospital Pls Call 9477205093 or 7980981524 cc,Derek O'Brien,Derek O'Brien
499,RT This is bigger than even the EVM demo AAP can prove if votes were stolen in recent municipal amp assembly elections Wow,Arvind Kejriwal,Arvind Kejriwal
500,RT Add your voice https t co mA9MSHmi7o https t co Uf7oEvkZF3,Barack Obama,Barack Obama
501,Ran into today fanboy moment https t co CBo4bUcGNn,Akhilesh Yadav,Shashi Tharoor
502,http t co p82Zu04oXn,KD SINGH,KD SINGH
503,Stunned amp saddened at the passing of Amala Thomas dearest friend amp TV producer We worked together on 2 quiz shows She was 47 GoneTooSoon,Derek O'Brien,Derek O'Brien
504,Happy Mother s Day to my love and partner on this journey and to all the wonderful hardworking mothers out there,Donald J. Trump,Barack Obama
505,Today I welcomed the Victory Christian Center School Good luck the Team America Rocketry Challenge TARC Watch https t co wFrRsK2wuo,Akhilesh Yadav,Donald J. Trump
506,RT And to find that it was preventable Family lodged a police complaint week before the incident I demand book those,Sushma Swaraj,Salman Anees Soz
507,We need your help knocking on doors and making phone calls helping to turn people out Hillary https t co iWKBOE1i18,Hillary Clinton,Hillary Clinton
508,In the meantime I want to hear what you re thinking about the road ahead So share your ideas with me here https t co GYkEOK8EuT,Hillary Clinton,Barack Obama
509,RT The desperation levels of newly launched gossip channel is obvious Rubbish amp lies peddled as news is the new normal in post,Shashi Tharoor,digvijaya singh
510,I read letters like these every single day It was one of the best parts of the job hearing from you https t co so1luBcszV,Barack Obama,Barack Obama
511,Sometimes to protect the ones you love you must make the right decision What I did today was a tough decision but https t co kbxDeYrZeO,Barack Obama,Akhilesh Yadav
512,Thank you https t co DhF8sLqwcT,Derek O'Brien,Narendra Modi
513,A decision that will safeguard the rights amp interests of women https t co OVKSpkDo6O,Hillary Clinton,Narendra Modi
514,RT 100 days ago a new message leader amp movement took the Oval Office A government FOR the people BY the people This is,Salman Anees Soz,Donald J. Trump
515,RT Ind I am pretty sure ji will listen to Swamy amp ensure an unqualified Rajnikant is not taken into BJP Hmmm,digvijaya singh,digvijaya singh
516,nan,Manish Sisodia,KD SINGH
517,https t co uv1YixxnVJ https t co jdWOe6WsOT,Barack Obama,Shashi Tharoor
518,BJPFoundationDay,KD SINGH,Arun Jaitley
519,Distributed 25 lakhs each to the families of Martyrs from various districts https t co QOWpVn0bru,Akhilesh Yadav,Akhilesh Yadav
520,Compliments on the occasion of NutanSamvatsara Ugadi GudiPadwa ChetiChand ChaitraNavratri https t co PVlubFyrcb,Sharad Pawar,Arun Jaitley
521,The matter is certainly outrageous and disrespectful I hereby appeal to party workers to ignore the matter and maintain peace,Sharad Pawar,Sharad Pawar
522,The Fake Media not Real Media has gotten even worse since the election Every story is badly slanted We have to hold them to the truth,Donald J. Trump,Donald J. Trump
523,Very sad amp alarming Condolences to the family May Lt Umar Fayaz s soul rest in peace https t co bY67JwKedc,Omar Abdullah,Omar Abdullah
524,Remembering Shri Chandra Shekharji on his birth anniversary https t co 5pAsdFhkqZ,Sharad Pawar,Akhilesh Yadav
525,Congress is back from recess Help put the pressure on Senate leaders to give Judge Garland a hearing https t co F4eATpElMT DoYourJob,Barack Obama,Barack Obama
526,RT used to have a telephonic conversation with when the latter was in jail,Sushma Swaraj,digvijaya singh
527,Released a song composed and created by supporters for our upcoming election campaign https t co q7RY6EJAaJ,Hillary Clinton,Akhilesh Yadav
528,Terrible news to end the day Sympathies amp condolences to the families and prayers for the deceased Kashmir https t co 4vQD46j0LM,Omar Abdullah,Omar Abdullah
529,RT Today AAP MLA MLAgk provided incontrovertible evidence that EVM tampering is possible What do all the sceptics,Arvind Kejriwal,Manish Sisodia
530,Reality check Bravo to those handful of journalists who are still not full time cheerleaders https t co fbtrXQoxaD,Hillary Clinton,Derek O'Brien
531,RT Do watch the Buck Stops Here at 10pm tonight,Donald J. Trump,Salman Anees Soz
532,At an event to honour Indian soldiers martyred in the 1971 war April 8 2017 https t co VyTHt4ZGWW,Arun Jaitley,Arun Jaitley
533,RT Zomato from serving 23 countries worldwide they gonna b serving the whole world with our credit card details,Sushma Swaraj,digvijaya singh
534,President of India hosted State dinner for President of State of Palestine Privilege to attend Tradition ceremony plus music from Navy,Derek O'Brien,Derek O'Brien
535,RT,Manish Sisodia,Manish Sisodia
536,Congratulations to EAM Smt ji and the entire Hague team,Sharad Pawar,Arun Jaitley
537,History in a pic https t co p5mgIYWayd,Salman Anees Soz,Derek O'Brien
538,Chaired the 13th meeting of the GST Council today March 31 2017 https t co dYM1Ipe73i,Arun Jaitley,Arun Jaitley
539,nan,Manish Sisodia,Sushma Swaraj
540,Wishing you all happy Buddha Pournima The birth anniversary of Lord Gautam Buddha Symbol of eternal love and pe https t co Vng4R5RyMR,Narendra Modi,Sharad Pawar
541,RT Retired senior army officers who have handled Kashmir tell me Be militarily correct need political healing touch https,Omar Abdullah,Omar Abdullah
542,RT Youth are struggling to find jobs farmers are committing suicide amp soldiers are dying at the border What exactly is the G,digvijaya singh,Salman Anees Soz
543,I dedicate this award to farmers whose relentless toil made this nation self reliant in food production 2 5,Sharad Pawar,Sharad Pawar
544,The need for a ninth justice is undeniably clear DoYourJob https t co L1EBgNbh3Q,Barack Obama,Barack Obama
545,The energy of the crowds inspires me everyday to do more and more for the people of UP https t co 5dqSN95llJ,Akhilesh Yadav,Akhilesh Yadav
546,12 hudhud http t co xaQKUHVqw9 http t co Ikys8mHUa3,KD SINGH,KD SINGH
547,In order to protest against the situation on 9th Jan 2017 NCP has planned protest activities in every district of Maharashtra 3 4,Arun Jaitley,Sharad Pawar
548,RT Badhai ho UP walon https t co r8xXaLcCq4,Manish Sisodia,Manish Sisodia
549,Just spoke with my friend President Moon Jae in of Korea Wished him every success amp invited him to visit India soon Together we succeed,Narendra Modi,Narendra Modi
550,RT India Finance Min c launches UKIndiaYearofCulture starts today with buckinghampalace reception,Arun Jaitley,Arun Jaitley
551,RT ips Coordination meeting with African nationals by SW police held ystrdy VKSingh,Sushma Swaraj,Sushma Swaraj
552,RT EVM BJP Anchor,Arvind Kejriwal,Arvind Kejriwal
553,Attending first of its kind meeting called by Kerala CM w airline reps MinistryofCivilAviation o https t co zVDrsxG6vR,Shashi Tharoor,Shashi Tharoor
554,America depends on you you all of you I didn t say Yes I can I said Yes we can https t co oHVglCTncQ,Hillary Clinton,Hillary Clinton
555,It was a great honor to welcome the President of Turkey Recep Tayyip Erdo an to the today https t co 4BWjOCgnNv,Donald J. Trump,Donald J. Trump
556,RT I wanted to be first at my polling place but 99 year old Minerva Turpin beat me to it Looks like I need to get used to bein,Shashi Tharoor,Hillary Clinton
557,2 4 5 26 ceasefireviolation jammu,KD SINGH,KD SINGH
558,nan,Manish Sisodia,Sushma Swaraj
559,RT Finance Minister spoke of many investment opportunities in dynamic Indian economy at seminar organized by Emb,Arun Jaitley,Arun Jaitley
560,Hosted reception for the Defence investiture awardees April 7 2017 https t co uWmyQ8jcgr,Arun Jaitley,Arun Jaitley
561,At party head quarters today https t co QgheydNeJQ,Akhilesh Yadav,Akhilesh Yadav
562,CBI NIA ED combined Caged Parrots or Hand Maiden of Ruling Party It is for you to decide Where are we heading,digvijaya singh,digvijaya singh
563,http t co aYfHzw1qYS,KD SINGH,KD SINGH
564,Let s celebrate New York State getting something important done that we wanted to do nationally A great step for p https t co mMeZ5IXPWY,Donald J. Trump,Hillary Clinton
565,RT In honor of HispanicHeritageMonth we celebrate the progress that Hispanic Americans have made under https t co,Barack Obama,Barack Obama
566,Wildfires in the next few decades could be unrecognizable to previous generations because of climate change https t co vM3xM6mCf3,Barack Obama,Barack Obama
567,My one minute oral book review of Sethu s novel about Kerala Jews Aliyah https t co JB4OJOPdv4,Shashi Tharoor,Shashi Tharoor
568,Thanks Happy to hear Let us all work together and create a new India https t co 12Z7JmdsO4,Derek O'Brien,Narendra Modi
569,Eventually but at a later date so we can get started early Mexico will be paying in some form for the badly needed border wall,Donald J. Trump,Donald J. Trump
570,My best tweets are the ones I save as drafts instead of posting them I have some real gems tucked away there,Sushma Swaraj,Omar Abdullah
571,Distributed specially fitted cycles and accessories for World Disability Day https t co MAgok1mQ4Z,Akhilesh Yadav,Akhilesh Yadav
572,Well said Jimmy That s exactly why we fought so hard for the ACA and why we need to protect it for kids like Bil https t co jB3LXT94Ok,Barack Obama,Barack Obama
573,I saw this news item and asked for a report from which has been received 1I https t co Y0Fruh8YXM,Sushma Swaraj,Sushma Swaraj
574,I hope has thought through the implications of mass student protests across the valley This is a de https t co kNrZid1dnP,Omar Abdullah,Omar Abdullah
575,If you believe we should never write discrimination into our laws you ve got to vote Hillary https t co jfd3CXLD1s,Hillary Clinton,Hillary Clinton
576,I have received a report on the shootout incident resulting in the tragic death of Indian national Vikram Jaryal in Washington State USA 1,Sushma Swaraj,Sushma Swaraj
577,In discussion with Dr Ammar Rizvi today https t co 4AjLOS5nGA,Akhilesh Yadav,Akhilesh Yadav
578,RT The world owes the French a big thank you for stopping bigotry s march so emphatically https t co YMcaslssEl,Omar Abdullah,Salman Anees Soz
579,The comments are in deviation with the oath taken by Ministers to follow the code of conduct with integrity and commitment to the state,Arun Jaitley,Sharad Pawar
580,RT Under BJP rule India has become the largest exporter of meat Our soldiers are beheaded Shame on such a gover,Arvind Kejriwal,digvijaya singh
581,https t co SMRBtiE7q9,Barack Obama,Sharad Pawar
582,Happy MakarSankrant Lohri Bihu Uttarayan and Pongal to all fellow Indians across the world https t co KXWJ7ChiTw,Akhilesh Yadav,Sharad Pawar
583,You can watch tomorrow s Narmada Seva Yatra programme live on your mobiles https t co TYuxNNJfIf,Narendra Modi,Narendra Modi
584,WeeklyAddress https t co UYEhgch4Hl https t co HIQoFuc5cy,Barack Obama,Donald J. Trump
585,Addressed five rallies to overflowing crowds in Etah and Aligarh districts https t co QPgPDrMGwU,Akhilesh Yadav,Akhilesh Yadav
586,Welcome His Excellency Mr Bert Koenders Minister of Foreign Affairs Government of Netherlands,Sushma Swaraj,Sushma Swaraj
587,Seeing is believing By visiting the exhibition our Farmers amp Entrepreneurs can and will bring changes to ur lives,Sharad Pawar,Sharad Pawar
588,RT 25 min is quite a long distance run by any standards Noted the nod to KBC too thanks https t co h27VH3N7VO,Derek O'Brien,Derek O'Brien
589,RT Delhi govt all set to inaugurate 5 English medium govt schools offerin state of the art facilities in July Jo Kaha Wo,Manish Sisodia,Arvind Kejriwal
590,https t co z4C3YhebPi https t co 7z8GOUoJYU,Barack Obama,Shashi Tharoor
591,Ottawa,KD SINGH,Sushma Swaraj
592,RT EVMTEMPERING MLAgk Bj,Arvind Kejriwal,Arvind Kejriwal
593,RT Six agencies CBI ED IT SFIO ACB IB working round the clock to fix amp Kejriwal The witch hunt is unp,digvijaya singh,Arvind Kejriwal
594,https t co 111LAPtnQa,Barack Obama,Akhilesh Yadav
595,Six months is long enough senators It s time to DoYourJob and give Judge Garland a hearing https t co A2Yedmhuw6,Barack Obama,Barack Obama
596,The Fake Media is working overtime today,Donald J. Trump,Donald J. Trump
597,Yes we have a very old and strong bond with Sri Lanka https t co GDB3CEA80l,Narendra Modi,Narendra Modi
598,There should be an inquiry after electronic voting machines in Madhya Pradesh were only dispensing BJP slips https t co VIpxQBVi9a,Omar Abdullah,Akhilesh Yadav
599,Pakistan ceasefireviolence firing India JammuKashmir Pak,KD SINGH,KD SINGH
600,RT Mattu A retired IAS Officer who has never served in J amp K will be the CM s Advisor overseeing implementation of all Central Sche,Omar Abdullah,Omar Abdullah
601,RT Bengal respects all languages and languages of all States Our three language formula shows how we really do https,Derek O'Brien,Derek O'Brien
602,Dear Mr Gupta now that it has been established that the man WAS NOT a TA jawan as claimed by you how about you clar https t co zxCDexmmdM,Omar Abdullah,Omar Abdullah
603,RT twts CGISF has reached out to Mr Jayant friend of r Aloukik and conveyed the contact,Sushma Swaraj,Sushma Swaraj
604,nan,Manish Sisodia,Sharad Pawar
605,1 2 NobelPrize,KD SINGH,KD SINGH
606,UP CM Adityanath photo ops with animals media laps it up UP CM closing a criminal case against himself media still lapping it up,Arvind Kejriwal,Salman Anees Soz
607,B day greetings to Sh Faggan Singh Kulaste ji my colleague in the Union Council of Ministers May God bless him with a long amp healthy life,Arun Jaitley,Arun Jaitley
608,If you are in Kolkata today join us for an evening of nostalgia conversations and more to remember my dad on his https t co MFIcUenckV,Hillary Clinton,Derek O'Brien
609,Birthday compliments to Shri ji my colleague in the Union Cabinet May he be blessed with a long healthy amp successful life,Arun Jaitley,Arun Jaitley
610,It was pleasurable amp inspirational moment to be with Bill F Austin founder of USA at Baramati https t co EEvugpXADg,Sharad Pawar,Sharad Pawar
611,More so after being the Prime Target of Modi s Troll Army Their abuse doesn t affect me at all in fact it amuses me,Derek O'Brien,digvijaya singh
612,At the South Asia Sub regional Economic Cooperation SASEC Finance Ministers meeting April 3 2017 https t co RCw5qHBpwT,Arun Jaitley,Arun Jaitley
613,In Mumbai today at 7pm friends from the Indian television industry will pay tribute to Amala Thomas Here are the https t co pDLpY3VDu8,Akhilesh Yadav,Derek O'Brien
614,RT Big breaking from delhi government Kapil Mishra out of Kejriwal cabinet Kailash Gehlot and rajendra gautam will be N,Arvind Kejriwal,Arvind Kejriwal
615,Greetings on the auspicious occasion of Buddha Purnima https t co wCFP9zUezc,Akhilesh Yadav,Narendra Modi
616,About 18 lakh Laptops distributed to meritorious students in Uttar Pradesh Wishing all of them success in their careers,Akhilesh Yadav,Akhilesh Yadav
617,RT Couldn t be more proud of my mom amp the campaign she s run Let s bring it home for her today https t co Mw1JC5L9rj,Hillary Clinton,Hillary Clinton
618,RT,Manish Sisodia,Manish Sisodia
619,https t co X5iAWGplcl,Barack Obama,Sharad Pawar
620,Saddened to know about the passing away of Justice Leila Seth Her progressive views on justice amp gender issues will always encourage us,Hillary Clinton,Arvind Kejriwal
621,RT oops wrong Sagarika sirs Main do bachche ki ma hoon https t co 37wH9INQZP,Sushma Swaraj,Omar Abdullah
622,Having known Dr MS Swaminathan for years I can say that there is a farmer alive in him amp this spirit has benefitted the entire nation,Sharad Pawar,Narendra Modi
623,EVM,Arvind Kejriwal,Manish Sisodia
624,ir,Narendra Modi,Narendra Modi
625,Addressing the Global Investor s Summit Momentum Jharkhand in Ranchi Feb 16 2017 https t co V7aoW7bIm3,Arun Jaitley,Arun Jaitley
626,B day greetings to VKSingh ji my colleague in the Union Council of Ministers May God bless him with a long healthy amp successful life,Arun Jaitley,Arun Jaitley
627,Today was a victory for all Americans https t co LX6lzQXtBR,Barack Obama,Hillary Clinton
628,Pls look into this,Sushma Swaraj,Sushma Swaraj
629,If you believe in science and that we have to act on climate change then you have to vote Hillary https t co jfd3CXLD1s,Hillary Clinton,Hillary Clinton
630,https t co 0mgMm6ZHae,Barack Obama,Sushma Swaraj
631,Absolutely shocked by the sudden demise of my friend amp a very respected colleague Environment Minister Anil Madhav Dave ji My condolences,Arun Jaitley,Narendra Modi
632,I thank the Tamil community of Indian origin for their warmth during the programme earlier today Sharing my speech https t co DB1FAKWKGW,Narendra Modi,Narendra Modi
633,RT Meeting with Indian Finance Minister and UK Foreign Secretary https t co ISPaHVp3QF,Arun Jaitley,Arun Jaitley
634,I am watching the Democrats trying to defend the you can keep you doctor you can keep your plan amp premiums will go down ObamaCare lie,Donald J. Trump,Donald J. Trump
635,RT omar Imagine the twitter outrage if this had happened for Rahul Gandhi to visit instead of for the UP CM All sorts of name c,Omar Abdullah,Salman Anees Soz
636,nan,Manish Sisodia,Sushma Swaraj
637,RT Demo the tampering on look alike EVM forgery case will be filed Show it on real EVM theft case will be filed What in,Arvind Kejriwal,Arvind Kejriwal
638,RT The reality of s own Adarsh Gram Roads broken Limited power Jobs lost Watch Bluff6 Tikdam6 https t co 3,digvijaya singh,digvijaya singh
639,RT Every nominee including Kennedy in an election year got an up or down vote on serving as Senate Judiciary Chairman or R,Hillary Clinton,Barack Obama
